Country Name,1980,1981,1982,1983,1984,1985,1986,1987,1988,1989,1990,1991,1992,1993,1994,1995,1996,1997,1998,1999,2000,2001,2002,2003,2004,2005,2006,2007,2008,2009,2010,2011,2012,2013,2014,2015,2016,2017,2018,2019,2020,2021
Aruba,,,,,,,,,,,,,,,,,,,,,,,,,,,,,,,,,,,,,,,,,,
Africa Eastern and Southern,,,,,,,,,,,,,,,,,,,,,,,,,,,,,,,,,,,,,,,,,,
Afghanistan,,,,,,,,,,,,,,,,,,,,,,,,,,,,,,,,,,,,,,,,,,
Africa Western and Central,,,,,,,,,,,,,,,,,,,,,,,,,,,,,,,,,,,,,,,,,,
Angola,,,,,,,,,,,,,,,,,,,,,52,,,,,,,,42.7,,,,,,,,,,51.3,,,
Albania,,,,,,,,,,,,,,,,,27,,,,,,31.7,,,30.6,,,30,,,,29,,34.6,32.8,33.7,33.1,30.1,30.8,,
Andorra,,,,,,,,,,,,,,,,,,,,,,,,,,,,,,,,,,,,,,,,,,
Arab World,,,,,,,,,,,,,,,,,,,,,,,,,,,,,,,,,,,,,,,,,,
United Arab Emirates,,,,,,,,,,,,,,,,,,,,,,,,,,,,,,,,,,32.5,,,,,26,,,
Argentina,40.8,,,,,,42.8,45.3,,,,46.8,45.5,44.9,45.9,48.9,49.5,49.1,50.7,49.8,51.1,53.3,53.8,50.9,48.4,47.7,46.3,46.2,44.9,43.7,43.6,42.6,41.3,40.9,41.6,,42,41.1,41.3,42.9,42.3,
Armenia,,,,,,,,,,,,,,,,,,,,36.2,,35.4,34.8,33,37.5,36,29.7,31.2,29.2,28,30,29.4,29.6,30.6,31.5,32.4,32.5,33.6,34.4,29.9,25.2,
American Samoa,,,,,,,,,,,,,,,,,,,,,,,,,,,,,,,,,,,,,,,,,,
Antigua and Barbuda,,,,,,,,,,,,,,,,,,,,,,,,,,,,,,,,,,,,,,,,,,
Australia,,31.3,,,,32.5,,,,33.2,,,,,,32.6,,,,,,33.5,,33.5,33.1,,,,35.4,,34.7,,,,34.4,,33.7,,34.3,,,
Austria,,,,,,,,23,,,,,,,31.3,31.1,,30.2,,,28.8,,,29.5,29.8,28.7,29.6,30.6,30.4,31.5,30.3,30.8,30.5,30.8,30.5,30.5,30.8,29.7,30.8,30.2,,
Azerbaijan,,,,,,,,,,,,,,,,34.7,,,,,,36.5,25.3,26.8,26.6,26.6,,,,,,,,,,,,,,,,
Burundi,,,,,,,,,,,,,33.3,,,,,,42.3,,,,,,,,33.4,,,,,,,38.6,,,,,,,,
Belgium,,,,,,25.2,,,25.7,,,,25,,,28.4,,26.8,,,33.1,,,28.1,30.5,29.3,28.1,29.2,28.4,28.6,28.4,28.1,27.5,27.7,28.1,27.7,27.6,27.4,27.2,27.2,,
Benin,,,,,,,,,,,,,,,,,,,,,,,,38.6,,,,,,,,43.4,,,,47.8,,,37.8,,,
Burkina Faso,,,,,,,,,,,,,,,48.1,,,,49.9,,,,,43.3,,,,,,39.8,,,,,35.3,,,,47.3,,,
Bangladesh,,,,25.9,,26.9,,,28.8,,,27.6,,,,32.9,,,,,33.4,,,,,33.2,,,,,32.1,,,,,,32.4,,,,,
Bulgaria,,,,,,,,,,,,,,,,,,,,,,,,,,,35.7,36.1,33.6,33.8,35.7,34.3,36,36.6,37.4,38.6,40.6,40.4,41.3,40.3,,
Bahrain,,,,,,,,,,,,,,,,,,,,,,,,,,,,,,,,,,,,,,,,,,
"Bahamas, The",,,,,,,,,,,,,,,,,,,,,,,,,,,,,,,,,,,,,,,,,,
Bosnia and Herzegovina,,,,,,,,,,,,,,,,,,,,,,30,,,34,,,33.1,,,,33,,,,,,,,,,
Belarus,,,,,,,,,,,,,,,,,,,32,31.7,31.2,30.6,30.3,28.8,26.5,27.6,28.3,29.6,27.8,27.7,28.6,27.2,26.5,26.6,27.2,25.6,25.3,25.4,25.2,25.3,24.4,
Belize,,,,,,,,,,,,,,60.3,60.9,,56.6,60.4,54.9,53.3,,,,,,,,,,,,,,,,,,,,,,
Bermuda,,,,,,,,,,,,,,,,,,,,,,,,,,,,,,,,,,,,,,,,,,
Bolivia,,,,,,,,,,,,,,,,,,58.2,,58.1,61.6,57.4,59.3,,55,58.5,56.7,54.5,50.8,49.2,,46.1,46.6,47.6,47.8,46.7,45.3,44.6,42.6,41.6,43.6,
Brazil,,57.9,58.4,59,58.4,55.6,58.5,59.7,61.4,63.3,60.5,,53.2,60.1,,59.6,59.9,59.8,59.6,59,,58.4,58.1,57.6,56.5,56.3,55.6,54.9,54,53.7,,52.9,53.4,52.7,52,51.9,53.3,53.3,53.9,53.5,48.9,
Barbados,,,,,,,,,,,,,,,,,,,,,,,,,,,,,,,,,,,,,,,,,,
Brunei Darussalam,,,,,,,,,,,,,,,,,,,,,,,,,,,,,,,,,,,,,,,,,,
Bhutan,,,,,,,,,,,,,,,,,,,,,,,,40.9,,,,38.1,,,,,38.8,,,,,37.4,,,,
Botswana,,,,,,54.2,,,,,,,,60.8,,,,,,,,,64.7,,,,,,,60.5,,,,,,53.3,,,,,,
Central African Republic,,,,,,,,,,,,,61.3,,,,,,,,,,,,,,,,56.2,,,,,,,,,,,,,
Canada,,32.4,,,,,,31.5,,,,31,,,31.3,,,31.6,33.2,,33.3,,,,33.7,,,33.8,,,33.6,,33.5,33.8,33.2,33.7,32.7,33.3,,,,
Central Europe and the Baltics,,,,,,,,,,,,,,,,,,,,,,,,,,,,,,,,,,,,,,,,,,
Switzerland,,,36,,,,,,,,,,33.9,,,,,,,,33.4,,31.7,,,,33.9,34.3,33.8,32.9,32.6,31.7,31.6,32.5,32.5,32.3,33,32.7,33.1,,,
Channel Islands,,,,,,,,,,,,,,,,,,,,,,,,,,,,,,,,,,,,,,,,,,
Chile,,,,,,,,56.2,,,57.2,,54.8,,56.4,,54.9,,55.5,,52.8,,,51.5,,,47.3,,,47,,46,,45.8,,44.4,,44.4,,,44.9,
China,,,,,,,,,,,32.2,,,33.9,,,35.2,,,38.7,,,42,,,40.9,,,43,,43.7,42.4,42.2,39.7,39.2,38.6,38.5,39.1,38.5,38.2,,
Cote d'Ivoire,,,,,,45.5,38,40.5,36.9,,,,39.4,,,40.6,,,39,,,,41.3,,,,,,43.2,,,,,,,41.5,,,37.2,,,
Cameroon,,,,,,,,,,,,,,,,,44.4,,,,,42.1,,,,,,42.8,,,,,,,46.6,,,,,,,
"Congo, Dem. Rep.",,,,,,,,,,,,,,,,,,,,,,,,,42.2,,,,,,,,42.1,,,,,,,,,
"Congo, Rep.",,,,,,,,,,,,,,,,,,,,,,,,,,47.3,,,,,,48.9,,,,,,,,,,
Colombia,,,,,,,,,,,,,51.5,,,,56.9,,,58.7,58.7,57.5,56,53.6,55,53.9,,,55.3,54.3,54.6,53.5,52.6,52.6,52.6,51,50.6,49.7,50.4,51.3,54.2,
Comoros,,,,,,,,,,,,,,,,,,,,,,,,,55.9,,,,,,,,,,45.3,,,,,,,
Cabo Verde,,,,,,,,,,,,,,,,,,,,,,52.5,,,,,,47.2,,,,,,,,42.4,,,,,,
Costa Rica,,47.5,,,,,34.4,,,45.6,45.3,46.6,45.7,46,46.8,45.7,46.5,45.6,45.7,47.7,47.4,51.5,51.8,49.3,48.4,47.5,49.3,49.3,48.6,50.6,48,48.8,48.4,49.2,48.6,48.4,48.7,48.3,48,48.2,49.3,
Caribbean small states,,,,,,,,,,,,,,,,,,,,,,,,,,,,,,,,,,,,,,,,,,
Cuba,,,,,,,,,,,,,,,,,,,,,,,,,,,,,,,,,,,,,,,,,,
Curacao,,,,,,,,,,,,,,,,,,,,,,,,,,,,,,,,,,,,,,,,,,
Cayman Islands,,,,,,,,,,,,,,,,,,,,,,,,,,,,,,,,,,,,,,,,,,
Cyprus,,,,,,,,,,,,,,,,,,,,,,,,,30.1,30.3,31.1,31.1,31.7,32.1,31.5,32.6,34.3,37,35.6,34,32.9,31.4,32.7,31.2,,
Czech Republic,,,,,,,,,,,,,20.7,26.6,,,25.8,,,,,,26.6,,27.5,26.9,26.7,26,26.3,26.2,26.6,26.4,26.1,26.5,25.9,25.9,25.4,24.9,25,25.3,,
Germany,,,,,,,,,,,,29.4,29.2,28.7,29.2,29,28.4,28.3,28.3,29.1,28.9,30.1,29.9,30.1,30.3,31.8,31.2,31.4,30.9,30.5,30.3,30.8,31.1,31.5,30.9,31.6,31.6,31.2,31.7,,,
Djibouti,,,,,,,,,,,,,,,,,,,,,,,40,,,,,,,,,,45.1,44.1,,,,41.6,,,,
Dominica,,,,,,,,,,,,,,,,,,,,,,,,,,,,,,,,,,,,,,,,,,
Denmark,,,,,,,,26.2,,,,,24.7,,,23,,,,,23.8,,,25.6,24.9,25.2,25.9,26.2,25.2,26.7,27.2,27.3,27.8,28.5,28.4,28.2,28.2,28.7,28.2,27.7,,
Dominican Republic,,,,,,,47.8,,,50.5,,,51.4,,,,47.4,48.9,,,51.5,50,49.7,52.1,52.1,50,52,48.9,48.1,48.9,47.3,47.7,46.1,47.7,44.3,45.2,45.7,42.2,43.7,41.9,39.6,
Algeria,,,,,,,,,40.2,,,,,,,35.3,,,,,,,,,,,,,,,,27.6,,,,,,,,,,
East Asia & Pacific (excluding high income),,,,,,,,,,,,,,,,,,,,,,,,,,,,,,,,,,,,,,,,,,
Early-demographic dividend,,,,,,,,,,,,,,,,,,,,,,,,,,,,,,,,,,,,,,,,,,
East Asia & Pacific,,,,,,,,,,,,,,,,,,,,,,,,,,,,,,,,,,,,,,,,,,
Europe & Central Asia (excluding high income),,,,,,,,,,,,,,,,,,,,,,,,,,,,,,,,,,,,,,,,,,
Europe & Central Asia,,,,,,,,,,,,,,,,,,,,,,,,,,,,,,,,,,,,,,,,,,
Ecuador,,,,,,,,,,,,,,,53.4,,,,,58.6,56.4,,,53.5,53.9,53.1,52.3,53.4,49.8,48.5,48.8,45.9,46.1,46.9,45,46,45,44.7,45.4,45.7,47.3,
"Egypt, Arab Rep.",,,,,,,,,,,32,,,,,30.1,,,,32.8,,,,,31.8,,,,31.1,,30.2,,28.3,,,31.8,,31.5,,,,
Euro area,,,,,,,,,,,,,,,,,,,,,,,,,,,,,,,,,,,,,,,,,,
Eritrea,,,,,,,,,,,,,,,,,,,,,,,,,,,,,,,,,,,,,,,,,,
Spain,34.5,,,,,34.4,,,,,32,,,,,36.7,,,,,34.3,,,31.8,33.3,32.4,33.5,34.1,34.2,34.9,35.2,35.7,35.4,36.2,36.1,36.2,35.8,34.7,34.7,34.3,,
Estonia,,,,,,,,,,,,,,,,,,,,,,,,37.2,33.6,33.4,33.7,31.2,31.9,31.4,32,32.5,32.9,35.1,34.6,32.7,31.2,30.4,30.3,30.8,,
Ethiopia,,,,,,,,,,,,,,,,44.6,,,,30,,,,,29.8,,,,,,33.2,,,,,35,,,,,,
European Union,,,,,,,,,,,,,,,,,,,,,,,,,,,,,,,,,,,,,,,,,,
Fragile and conflict affected situations,,,,,,,,,,,,,,,,,,,,,,,,,,,,,,,,,,,,,,,,,,
Finland,,,,,,,,22.2,,,,22.9,,,,23.5,,,,,27.2,,,27.7,27.9,27.6,28,28.3,27.8,27.5,27.7,27.6,27.1,27.2,26.8,27.1,27.1,27.4,27.3,27.7,,
Fiji,,,,,,,,,,,,,,,,,,,,,,,38.1,,,,,,40.4,,,,,36.7,,,,,,30.1,,
France,,,,,36.9,,,,,32.2,,,,,32.3,,,,,,31.1,,,31.4,30.6,29.8,29.7,32.4,33,32.7,33.7,33.3,33.1,32.5,32.3,32.7,31.9,31.6,32.4,,,
Faroe Islands,,,,,,,,,,,,,,,,,,,,,,,,,,,,,,,,,,,,,,,,,,
"Micronesia, Fed. Sts.",,,,,,,,,,,,,,,,,,,,,,,,,,42.4,,,,,,,,40.1,,,,,,,,
Gabon,,,,,,,,,,,,,,,,,,,,,,,,,,42.2,,,,,,,,,,,,38,,,,
United Kingdom,,,,,,,31.9,,,,,35.9,,,36,35.5,35.3,35.7,36.6,36.8,39.6,37.9,35.7,35.5,36,34.3,34.6,35.7,34.1,34.3,34.4,33.2,32.3,33.2,34,33.2,34.8,35.1,,,,
Georgia,,,,,,,,,,,,,,,,,37.1,40.7,41.3,40.1,40.5,39.6,37.2,36.7,36.2,37.4,36.9,38.1,38.5,38.2,39.5,39.6,39,38.6,37.6,36.5,36.6,37.9,36.4,35.9,34.5,
Ghana,,,,,,,,35.3,36,,,38.4,,,,,,,40.1,,,,,,,42.8,,,,,,,42.4,,,,43.5,,,,,
Gibraltar,,,,,,,,,,,,,,,,,,,,,,,,,,,,,,,,,,,,,,,,,,
Guinea,,,,,,,,,,,,46.8,,,46.1,,,,,,,,43,,,,,39.4,,,,,33.7,,,,,,29.6,,,
"Gambia, The",,,,,,,,,,,,,,,,,,,48.5,,,,,47.3,,,,,,,43.6,,,,,35.9,,,,,,
Guinea-Bissau,,,,,,,,,,,,,,43.6,,,,,,,,,35.6,,,,,,,,50.7,,,,,,,,34.8,,,
Equatorial Guinea,,,,,,,,,,,,,,,,,,,,,,,,,,,,,,,,,,,,,,,,,,
Greece,,,,,,,,,,,,,,,,37,,,,,34.2,,,32.8,33.6,34.6,35.1,34,33.6,33.6,34.1,34.8,36.3,36.1,35.8,36,35,34.4,32.9,33.1,,
Grenada,,,,,,,,,,,,,,,,,,,,,,,,,,,,,,,,,,,,,,,,,,
Greenland,,,,,,,,,,,,,,,,,,,,,,,,,,,,,,,,,,,,,,,,,,
Guatemala,,,,,,,58.3,,,59.6,,,,,,,,,,,54.2,,,,,,54.6,,,,,,,,48.3,,,,,,,
Guam,,,,,,,,,,,,,,,,,,,,,,,,,,,,,,,,,,,,,,,,,,
Guyana,,,,,,,,,,,,,,,,,,,45.1,,,,,,,,,,,,,,,,,,,,,,,
High income,,,,,,,,,,,,,,,,,,,,,,,,,,,,,,,,,,,,,,,,,,
"Hong Kong SAR, China",,,,,,,,,,,,,,,,,,,,,,,,,,,,,,,,,,,,,,,,,,
Honduras,,,,,,,,,,59.5,57.4,51.9,51.8,53.5,55,55.5,55.7,52.7,57.4,55.4,,55.4,55.7,58.1,58.1,59.5,57.5,55.8,55.5,51.3,53.1,52.6,53.4,50,49.9,49.2,49.8,49.4,48.9,48.2,,
Heavily indebted poor countries (HIPC),,,,,,,,,,,,,,,,,,,,,,,,,,,,,,,,,,,,,,,,,,
Croatia,,,,,,,,,,,,,,,,,,,,,,,,,,,,,,32.6,32.4,32.3,32.5,32,32.1,31.1,30.9,30.4,29.7,28.9,,
Haiti,,,,,,,,,,,,,,,,,,,,,,,,,,,,,,,,,41.1,,,,,,,,,
Hungary,,,,,,,,,,,,,,,,,,,,,,,,,29.9,34.7,28.3,27.9,27.5,27,29.4,29.2,30.8,31.5,30.9,30.4,30.3,30.6,29.6,30,,
IBRD only,,,,,,,,,,,,,,,,,,,,,,,,,,,,,,,,,,,,,,,,,,
IDA & IBRD total,,,,,,,,,,,,,,,,,,,,,,,,,,,,,,,,,,,,,,,,,,
IDA total,,,,,,,,,,,,,,,,,,,,,,,,,,,,,,,,,,,,,,,,,,
IDA blend,,,,,,,,,,,,,,,,,,,,,,,,,,,,,,,,,,,,,,,,,,
Indonesia,,,,,32.5,,,30.6,,,31.2,,,32,,,34.5,,31.1,31.1,28.6,29,31.7,31.9,32.7,33,34.3,35.7,35.2,35.1,36.4,39.7,39.7,40,39.4,39.7,38.6,38.1,37.8,37,37,37.3
IDA only,,,,,,,,,,,,,,,,,,,,,,,,,,,,,,,,,,,,,,,,,,
Isle of Man,,,,,,,,,,,,,,,,,,,,,,,,,,,,,,,,,,,,,,,,,,
India,,,,32.1,,,,32.6,,,,,,31.7,,,,,,,,,,,34.4,,,,,35.4,,35.7,,,,,,,,,,
Not classified,,,,,,,,,,,,,,,,,,,,,,,,,,,,,,,,,,,,,,,,,,
Ireland,,,,,,,,35.5,,,,,,,36.9,37,35.6,,,,33,,32.3,32.9,33.6,33.8,32.7,31.9,30.9,32.7,32.3,32.9,33.2,33.5,31.9,31.8,32.8,31.4,30.6,,,
"Iran, Islamic Rep.",,,,,,,47.4,,,,43.6,,,,43,,,,44.1,,,,,,,43.6,44.8,,,42.1,,,,37.4,38.8,39.5,40,40.8,42,40.9,,
Iraq,,,,,,,,,,,,,,,,,,,,,,,,,,,28.6,,,,,,29.5,,,,,,,,,
Iceland,,,,,,,,,,,,,,,,,,,,,,,,26.8,28,29,30.2,29.5,31.8,28.7,26.2,26.8,26.8,25.4,27.8,26.8,27.2,26.1,,,,
Israel,,,,,,,36.5,,,,,,35.5,,,,,38.1,,,,38.9,39.6,40.7,41.5,42.3,41.6,41.1,41.6,42.6,42.5,41.4,41.6,40.2,39.8,39.7,39,38.2,38.6,,,
Italy,,,,,,,32.5,34.5,,32.6,,31.5,,35.5,,35.2,,,36.7,,35.3,,,34.9,34.3,33.8,33.7,32.9,33.8,33.8,34.7,35.1,35.2,34.9,34.7,35.4,35.2,35.9,35.2,,,
Jamaica,,,,,,,,,43.2,,41.1,,,35.7,,,40.4,,,44.1,,,48.3,,45.5,,,,,,,,,,,,,,,,,
Jordan,,,,,,,36.1,,,,,,43.4,,,,,36.4,,,,,37,,,,33.9,,32.6,,33.7,,,,,,,,,,,
Japan,,,,,,,,,,,,,,,,,,,,,,,,,,,,,34.8,,32.1,,,32.9,,,,,,,,
Kazakhstan,,,,,,,,,,,,,,,,,35.4,,,,,36,34.8,33.7,31.8,39.8,30.2,30.1,28.5,28.2,28,28,28.2,27.1,27,26.8,27.2,27.5,27.8,,,
Kenya,,,,,,,,,,,,,57.5,,43.1,,,45,,,,,,,,46.5,,,,,,,,,,40.8,,,,,,
Kyrgyz Republic,,,,,,,,,,,,,,,,,,,,,31,30.2,30.3,28.7,34.8,32.6,37.4,33.9,31.5,29.9,30.1,27.8,27.4,28.8,26.8,29,26.8,27.3,27.7,29.7,29,
Cambodia,,,,,,,,,,,,,,,,,,,,,,,,,,,,,,,,,,,,,,,,,,
Kiribati,,,,,,,,,,,,,,,,,,,,,,,,,,,37,,,,,,,,,,,,,27.8,,
St. Kitts and Nevis,,,,,,,,,,,,,,,,,,,,,,,,,,,,,,,,,,,,,,,,,,
"Korea, Rep.",,,,,,,,,,,,,,,,,,,,,,,,,,,31.7,,32.3,,32,,31.6,,31.2,,31.4,,,,,
Kuwait,,,,,,,,,,,,,,,,,,,,,,,,,,,,,,,,,,,,,,,,,,
Latin America & Caribbean (excluding high income),,,,,,,,,,,,,,,,,,,,,,,,,,,,,,,,,,,,,,,,,,
Lao PDR,,,,,,,,,,,,,34.3,,,,,34.9,,,,,32.6,,,,,35.4,,,,,36,,,,,,38.8,,,
Lebanon,,,,,,,,,,,,,,,,,,,,,,,,,,,,,,,,31.8,,,,,,,,,,
Liberia,,,,,,,,,,,,,,,,,,,,,,,,,,,,36.5,,,,,,,33.2,,35.3,,,,,
Libya,,,,,,,,,,,,,,,,,,,,,,,,,,,,,,,,,,,,,,,,,,
St. Lucia,,,,,,,,,,,,,,,,42.6,,,,,,,,,,,,,,,,,,,,,51.2,,,,,
Latin America & Caribbean,,,,,,,,,,,,,,,,,,,,,,,,,,,,,,,,,,,,,,,,,,
Least developed countries: UN classification,,,,,,,,,,,,,,,,,,,,,,,,,,,,,,,,,,,,,,,,,,
Low income,,,,,,,,,,,,,,,,,,,,,,,,,,,,,,,,,,,,,,,,,,
Liechtenstein,,,,,,,,,,,,,,,,,,,,,,,,,,,,,,,,,,,,,,,,,,
Sri Lanka,,,,,,32.5,,,,,32.4,,,,,35.4,,,,,,,40.2,,,,39.7,,,36.1,,,38.7,,,,39.3,,,,,
Lower middle income,,,,,,,,,,,,,,,,,,,,,,,,,,,,,,,,,,,,,,,,,,
Low & middle income,,,,,,,,,,,,,,,,,,,,,,,,,,,,,,,,,,,,,,,,,,
Lesotho,,,,,,,56,,,,,,,,63.2,,,,,,,,51.6,,,,,,,,,,,,,,,44.9,,,,
Late-demographic dividend,,,,,,,,,,,,,,,,,,,,,,,,,,,,,,,,,,,,,,,,,,
Lithuania,,,,,,,,,,,,,,,,,,,,,,,,,37,35.3,34.4,34.8,35.7,37.2,33.6,32.5,35.1,35.3,37.7,37.4,38.4,37.3,35.7,35.3,,
Luxembourg,,,,,,26.7,,,,,,26.8,,,26.9,,,30.2,,,30.4,,,30.2,30.2,30.8,30.9,31.1,32.6,31.2,30.5,32.1,34.3,32,31.2,32.9,31.7,34.5,35.4,34.2,,
Latvia,,,,,,,,,,,,,,,,,,,,,,,,,36.4,39,35.6,37.5,37.2,36,35,35.8,35.2,35.5,35.1,34.2,34.3,35.6,35.1,34.5,,
"Macao SAR, China",,,,,,,,,,,,,,,,,,,,,,,,,,,,,,,,,,,,,,,,,,
St. Martin (French part),,,,,,,,,,,,,,,,,,,,,,,,,,,,,,,,,,,,,,,,,,
Morocco,,,,,39.2,,,,,,39.2,,,,,,,,39.4,,40.6,,,,,,40.7,,,,,,,39.5,,,,,,,,
Monaco,,,,,,,,,,,,,,,,,,,,,,,,,,,,,,,,,,,,,,,,,,
Moldova,,,,,,,,,,,,,,,,,,36.9,39.5,42.6,36.4,38,35.8,34.9,35,36.3,35.4,34.4,34.7,32.9,32.1,30.6,29.2,28.5,26.8,27,26.3,25.9,25.7,26,,
Madagascar,46.8,,,,,,,,,,,,,45.3,,,,39.5,,38.6,,47.4,,,,39.9,,,,,42.4,,42.6,,,,,,,,,
Maldives,,,,,,,,,,,,,,,,,,,,,,,41.3,,,,,,,38.4,,,,,,,31.3,,,29.3,,
Middle East & North Africa,,,,,,,,,,,,,,,,,,,,,,,,,,,,,,,,,,,,,,,,,,
Mexico,,,,,,,,,,50.6,,,52.6,,52.8,,53.6,,51.7,,52.6,,50.1,,50,50.1,48.9,,49.9,,47.2,,48.7,,48.7,,47.7,,46.7,,45.4,
Marshall Islands,,,,,,,,,,,,,,,,,,,,,,,,,,,,,,,,,,,,,,,,35.5,,
Middle income,,,,,,,,,,,,,,,,,,,,,,,,,,,,,,,,,,,,,,,,,,
North Macedonia,,,,,,,,,,,,,,,,,,,,,,,,,,,,,,42.8,40.2,39.4,38.1,36.2,35.2,35.6,34.5,34.2,33,,,
Mali,,,,,,,,,,,,,,,50.4,,,,,,,39.9,,,,,38.9,,,33,,,,,,,,,36.1,,,
Malta,,,,,,,,,,,,,,,,,,,,,,,,,,,28,29.2,29,30.2,29,29.1,29.4,28.8,29,29.4,29.1,29.2,28.7,31,,
Myanmar,,,,,,,,,,,,,,,,,,,,,,,,,,,,,,,,,,,,38.1,,30.7,,,,
Middle East & North Africa (excluding high income),,,,,,,,,,,,,,,,,,,,,,,,,,,,,,,,,,,,,,,,,,
Montenegro,,,,,,,,,,,,,,,,,,,,,,,,,,,,,,,,,41.2,39,38.8,39,38.5,36.9,36.8,,,
Mongolia,,,,,,,,,,,,,,,,33.2,,,30.3,,,,32.9,,,,,35.8,,,33.1,33.9,33.8,,32,,32.3,,32.7,,,
Northern Mariana Islands,,,,,,,,,,,,,,,,,,,,,,,,,,,,,,,,,,,,,,,,,,
Mozambique,,,,,,,,,,,,,,,,,53.6,,,,,,47,,,,,,45.6,,,,,,54,,,,,,,
Mauritania,,,,,,,,43.9,,,,,,50.1,,37.7,,,,,39,,,,40.2,,,,35.7,,,,,,32.6,,,,,,,
Mauritius,,,,,,,,,,,,,,,,,,,,,,,,,,,35.7,,,,,,38.5,,,,,36.8,,,,
Malawi,,,,,,,,,,,,,,,,,,65.8,,,,,,,39.9,,,,,,45.5,,,,,,44.7,,,38.5,,
Malaysia,,,,,48.6,,,47,,46.2,,,47.7,,,48.5,,49.1,,,,,,46.4,,,44.8,,45.5,,,43.9,,41.3,,41.1,,,,,,
North America,,,,,,,,,,,,,,,,,,,,,,,,,,,,,,,,,,,,,,,,,,
Namibia,,,,,,,,,,,,,,,,,,,,,,,,63.3,,,,,,61,,,,,,59.1,,,,,,
New Caledonia,,,,,,,,,,,,,,,,,,,,,,,,,,,,,,,,,,,,,,,,,,
Niger,,,,,,,,,,,,,36.1,,41.5,,,,,,,,,,,44.4,,37.3,,,,31.5,,,34.3,,,,37.3,,,
Nigeria,,,,,,38.7,,,,,,,45,,,,51.9,,,,,,,40.1,,,,,,,,,,,,,,,35.1,,,
Nicaragua,,,,,,,,,,,,,,57.4,,,,,54.4,,,52.9,,,,48.8,,,,43.9,,,,,46.2,,,,,,,
Netherlands,,,,28.4,,,,26.8,,,31.1,,,30.4,,,,,,28.1,,,,,29.8,29,30,29.6,29.3,27.9,27.8,27.8,27.6,28.1,28.6,28.2,28.2,28.5,28.1,29.2,,
Norway,,,,,,,24.6,,,,,25.2,,,,26,,,,,27.4,,,27.6,31.6,30.6,26.4,27.1,27,26.2,25.7,25.3,25.7,26.4,26.8,27.5,28.5,27,27.6,27.7,,
Nepal,,,,,,,,,,,,,,,,35.2,,,,,,,,43.8,,,,,,,32.8,,,,,,,,,,,
Nauru,,,,,,,,,,,,,,,,,,,,,,,,,,,,,,,,,34.8,,,,,,,,,
New Zealand,,,,,,,,,,,,,,,,,,,,,,,,,,,,,,,,,,,,,,,,,,
OECD members,,,,,,,,,,,,,,,,,,,,,,,,,,,,,,,,,,,,,,,,,,
Oman,,,,,,,,,,,,,,,,,,,,,,,,,,,,,,,,,,,,,,,,,,
Other small states,,,,,,,,,,,,,,,,,,,,,,,,,,,,,,,,,,,,,,,,,,
Pakistan,,,,,,,,33.3,,,33.2,,,,,,28.7,,33.1,,,28.7,,,30.9,31.3,,29.7,,,28.8,29.7,,29.5,,31.3,,,29.6,,,
Panama,,,,,,,,,,58.9,,58.2,,,,57.8,,58.2,57.5,56.5,56.6,56.7,56.1,55.7,54.8,53.8,54.6,52.7,52.7,51.8,51.6,51.3,51.7,51.5,50.5,50.8,50.4,49.9,49.2,49.8,,
Peru,,,,,,,,,,,,,,,,,,53.3,55.1,54.8,49.1,51.3,53.6,53.1,49.9,50.5,50.3,50,47.5,47,45.5,44.7,44.4,43.9,43.1,43.4,43.6,43.3,42.4,41.6,43.8,
Philippines,,,,,,,,,,,,,,,,,,,,,47.7,,,46.6,,,47.2,,,46.3,,,46.5,,,44.6,,,42.3,,,
Palau,,,,,,,,,,,,,,,,,,,,,,,,,,,,,,,,,,,,,,,,,,
Papua New Guinea,,,,,,,,,,,,,,,,,45.8,,,,,,,,,,,,,41.9,,,,,,,,,,,,
Poland,,,,,,,,,,,,,,,,,,,,,,,,,38,35.8,34.7,34,33.5,33.4,33.2,33.2,33,33.1,32.8,31.8,31.2,29.7,30.2,,,
Pre-demographic dividend,,,,,,,,,,,,,,,,,,,,,,,,,,,,,,,,,,,,,,,,,,
Puerto Rico,,,,,,,,,,,,,,,,,,,,,,,,,,,,,,,,,,,,,,,,,,
"Korea, Dem. People's Rep.",,,,,,,,,,,,,,,,,,,,,,,,,,,,,,,,,,,,,,,,,,
Portugal,,,,,,,,,,,,,,,,,,,,,,,,38.8,38.9,38.5,38.1,36.8,36.6,34.9,35.8,36.3,36,36.2,35.6,35.5,35.2,33.8,33.5,32.8,,
Paraguay,,,,,,,,,,,40.8,,,,,58.2,,54.9,,54.6,,54.6,57.3,54.9,52.3,51.4,53,53,50.7,49.1,51,52.3,47.6,47.9,50.7,47.6,47.9,48.5,46,45.7,43.5,
West Bank and Gaza,,,,,,,,,,,,,,,,,,,,,,,,,34,34.7,34,35.6,,34.5,35.3,34.4,,,,,33.7,,,,,
Pacific island small states,,,,,,,,,,,,,,,,,,,,,,,,,,,,,,,,,,,,,,,,,,
Post-demographic dividend,,,,,,,,,,,,,,,,,,,,,,,,,,,,,,,,,,,,,,,,,,
French Polynesia,,,,,,,,,,,,,,,,,,,,,,,,,,,,,,,,,,,,,,,,,,
Qatar,,,,,,,,,,,,,,,,,,,,,,,,,,,,,,,,,,,,,,,,,,
Romania,,,,,,,,,,,,,,,,,,,,,,,,,,,39.6,37.5,36.4,35.6,35.5,35.9,36.5,36.9,36,35.9,34.4,36,35.8,34.8,,
Russian Federation,,,,,,,,,,,,,,,,,,,,,,,,,,,,,,,,,,,37.1,36.6,36.8,35.5,35.3,,,
Rwanda,,,,,,,,,,,,,,,,,,,,,48.5,,,,,52,,,,,47.2,,,45.1,,,43.7,,,,,
South Asia,,,,,,,,,,,,,,,,,,,,,,,,,,,,,,,,,,,,,,,,,,
Saudi Arabia,,,,,,,,,,,,,,,,,,,,,,,,,,,,,,,,,,,,,,,,,,
Sudan,,,,,,,,,,,,,,,,,,,,,,,,,,,,,,35.4,,,,,34.2,,,,,,,
Senegal,,,,,,,,,,,,54.1,,,41.4,,,,,,,41.2,,,,39.2,,,,,,40.3,,,,,,,38.1,,,
Singapore,,,,,,,,,,,,,,,,,,,,,,,,,,,,,,,,,,,,,,,,,,
Solomon Islands,,,,,,,,,,,,,,,,,,,,,,,,,,46.1,,,,,,,37.1,,,,,,,,,
Sierra Leone,,,,,,,,,,,,,,,,,,,,,,,,40.2,,,,,,,,34,,,,,,,35.7,,,
El Salvador,,,,,,,,,,,,54,,,,49.9,51,,54.5,52.2,51.5,51.4,51.9,50.5,47.8,48.5,45.7,45.2,46.9,45.8,43.5,42.3,41.8,43.4,41.6,40.6,40,38,38.6,38.8,,
San Marino,,,,,,,,,,,,,,,,,,,,,,,,,,,,,,,,,,,,,,,,,,
Somalia,,,,,,,,,,,,,,,,,,,,,,,,,,,,,,,,,,,,,,36.8,,,,
Serbia,,,,,,,,,,,,,,,,,,,,,,,,,,,,,,,,,39.9,39.5,40.5,40.5,38.8,36.2,35,34.5,,
Sub-Saharan Africa (excluding high income),,,,,,,,,,,,,,,,,,,,,,,,,,,,,,,,,,,,,,,,,,
South Sudan,,,,,,,,,,,,,,,,,,,,,,,,,,,,,,46.3,,,,,,,44.1,,,,,
Sub-Saharan Africa,,,,,,,,,,,,,,,,,,,,,,,,,,,,,,,,,,,,,,,,,,
Small states,,,,,,,,,,,,,,,,,,,,,,,,,,,,,,,,,,,,,,,,,,
Sao Tome and Principe,,,,,,,,,,,,,,,,,,,,,32.1,,,,,,,,,,30.8,,,,,,,40.7,,,,
Suriname,,,,,,,,,,,,,,,,,,,,57.9,,,,,,,,,,,,,,,,,,,,,,
Slovak Republic,,,,,,,,,,,,,,,,,,,,,,,,,27.1,29.3,25.8,24.7,26,27.2,27.3,26.5,26.1,28.1,26.1,26.5,25.2,23.2,25,23.2,,
Slovenia,,,,,,,,,,,,,,,,,,,,,,,,,24.8,24.6,24.4,24.4,23.7,24.8,24.9,24.9,25.6,26.2,25.7,25.4,24.8,24.2,24.6,24.4,,
Sweden,,22.9,,,,,,23.1,,,,,24.9,,,25.2,,,,,27.2,,,25.3,26.1,26.8,26.4,27.1,28.1,27.3,27.7,27.6,27.6,28.8,28.4,29.2,29.6,28.8,30,29.3,,
Eswatini,,,,,,,,,,,,,,,60.5,,,,,,53.1,,,,,,,,,51.5,,,,,,,54.6,,,,,
Sint Maarten (Dutch part),,,,,,,,,,,,,,,,,,,,,,,,,,,,,,,,,,,,,,,,,,
Seychelles,,,,,,,,,,,,,,,,,,,,,,,,,,,,,,,,,,46.8,,,,,32.1,,,
Syrian Arab Republic,,,,,,,,,,,,,,,,,35.2,,,,,,,37.5,,,,,,,,,,,,,,,,,,
Turks and Caicos Islands,,,,,,,,,,,,,,,,,,,,,,,,,,,,,,,,,,,,,,,,,,
Chad,,,,,,,,,,,,,,,,,,,,,,,,39.8,,,,,,,,43.3,,,,,,,37.5,,,
East Asia & Pacific (IDA & IBRD countries),,,,,,,,,,,,,,,,,,,,,,,,,,,,,,,,,,,,,,,,,,
Europe & Central Asia (IDA & IBRD countries),,,,,,,,,,,,,,,,,,,,,,,,,,,,,,,,,,,,,,,,,,
Togo,,,,,,,,,,,,,,,,,,,,,,,,,,,42.2,,,,,46,,,,43.1,,,42.4,,,
Thailand,,45.2,,,,,,,43.8,,45.3,,47.9,,43.5,,42.9,,41.5,43.1,42.8,,41.9,,42.5,,41.8,39.8,40.3,39.6,39.4,37.5,39.3,37.8,37,36,36.9,36.5,36.4,34.9,35,
Tajikistan,,,,,,,,,,,,,,,,,,,,29.5,,,,32.7,33.6,,,32.2,,30.8,,,,,,34,,,,,,
Turkmenistan,,,,,,,,,,,,,,,,,,,40.8,,,,,,,,,,,,,,,,,,,,,,,
Latin America & the Caribbean (IDA & IBRD countries),,,,,,,,,,,,,,,,,,,,,,,,,,,,,,,,,,,,,,,,,,
Timor-Leste,,,,,,,,,,,,,,,,,,,,,,35.9,,,,,,27.8,,,,,,,28.7,,,,,,,
Middle East & North Africa (IDA & IBRD countries),,,,,,,,,,,,,,,,,,,,,,,,,,,,,,,,,,,,,,,,,,
Tonga,,,,,,,,,,,,,,,,,,,,,37.7,,,,,,,,,37.5,,,,,,37.6,,,,,,
South Asia (IDA & IBRD),,,,,,,,,,,,,,,,,,,,,,,,,,,,,,,,,,,,,,,,,,
Sub-Saharan Africa (IDA & IBRD countries),,,,,,,,,,,,,,,,,,,,,,,,,,,,,,,,,,,,,,,,,,
Trinidad and Tobago,,,,,,,,,42.6,,,,40.3,,,,,,,,,,,,,,,,,,,,,,,,,,,,,
Tunisia,,,,,,43.4,,,,,40.2,,,,,41.7,,,,,40.8,,,,,37.7,,,,,35.8,,,,,32.8,,,,,,
Turkey,,,,,,,,43.5,,,,,,,41.3,,,,,,,,41.4,42.2,41.3,42.6,39.6,38.4,39,39,38.8,40,40.2,40.2,41.2,42.9,41.9,41.4,41.9,41.9,,
Tuvalu,,,,,,,,,,,,,,,,,,,,,,,,,,,,,,,39.1,,,,,,,,,,,
Tanzania,,,,,,,,,,,,35.3,,,,,,,,,37.3,,,,,,,40.3,,,,37.8,,,,,,,40.5,,,
Uganda,,,,,,,,,,44.4,,,41.4,,,,39,,,43,,,45.2,,,42.9,,,,44.2,,,41,,,,42.8,,,42.7,,
Ukraine,,,,,,,,,,,,,29.7,28.9,,39.3,35.2,,,,,,29,28.7,28.9,29,29.8,27,26.6,25.3,24.8,24.6,24.7,24.6,24,25.5,25,26,26.1,26.6,25.6,
Upper middle income,,,,,,,,,,,,,,,,,,,,,,,,,,,,,,,,,,,,,,,,,,
Uruguay,,,,,,,,,,,,,,,,,,,,,,,,,,,45.9,46.4,45.1,45.5,44.5,42.2,39.9,40.5,40.1,40.1,39.7,39.5,39.7,39.7,40.2,
United States,,,,,,,37.4,,,,,38,38.4,40.4,40,39.9,40.3,40.5,40,40,40.1,40.6,40.4,40.8,40.3,41,41.4,40.8,40.8,40.6,40,40.9,40.9,40.7,41.5,41.2,41.1,41.2,41.4,41.5,,
Uzbekistan,,,,,,,,,,,,,,,,,,,44.7,,36.1,,33,35.3,,,,,,,,,,,,,,,,,,
St. Vincent and the Grenadines,,,,,,,,,,,,,,,,,,,,,,,,,,,,,,,,,,,,,,,,,,
"Venezuela, RB",,55.6,,,,,,53.4,,43.8,,,42.1,,,47.2,,,48.1,47.8,,47.2,49,48.1,47.5,49.5,44.8,,,,,,,,,,,,,,,
British Virgin Islands,,,,,,,,,,,,,,,,,,,,,,,,,,,,,,,,,,,,,,,,,,
Virgin Islands (U.S.),,,,,,,,,,,,,,,,,,,,,,,,,,,,,,,,,,,,,,,,,,
Vietnam,,,,,,,,,,,,,35.7,,,,,35.4,,,,,37,,36.8,,35.8,,35.6,,39.3,,35.6,,34.8,,35.3,,35.7,,,
Vanuatu,,,,,,,,,,,,,,,,,,,,,,,,,,,,,,,37.4,,,,,,,,,32.3,,
World,,,,,,,,,,,,,,,,,,,,,,,,,,,,,,,,,,,,,,,,,,
Samoa,,,,,,,,,,,,,,,,,,,,,,,40.7,,,,,,42,,,,,38.7,,,,,,,,
Kosovo,,,,,,,,,,,,,,,,,,,,,,,,29,,31.2,30.3,,,31.8,33.3,27.8,29,26.3,27.3,26.5,26.7,29,,,,
"Yemen, Rep.",,,,,,,,,,,,,,,,,,,35,,,,,,,34.7,,,,,,,,,36.7,,,,,,,
South Africa,,,,,,,,,,,,,,59.3,,,,,,,57.8,,,,,64.8,,,63,,63.4,,,,63,,,,,,,
Zambia,,,,,,,,,,,,60.5,,52.6,,,48.3,,49.1,,,,42.1,,54.3,,54.6,,,,55.6,,,,,57.1,,,,,,
Zimbabwe,,,,,,,,,,,,,,,,,,,,,,,,,,,,,,,,43.2,,,,,,44.3,,50.3,,
