Study_ID,Short_ID,Short_ID,Short_Description,Study_Description,Subject_Count,Status,Study_Type,Intervention_Type,Age_Lower_Limit,Units_for_Age_Lo,Age_Upper_Limit,Units_for_Age_Up,Country,Population,Anthropometric_Data,included,included_anthropometry,included_longitudinal,included_low_income,included_small,included_age,included_ill,included_qc,included_measurement_freq
MICS-AFG-2010,,,MICS Afghanistan 2010-11,"MICS Afghanistan 2010-11, survey",37373,MPC,Survey,,,,,,AFG,,Yes,0,1,0,1,1,0,1,1,
MICS-AGO-2001,,,MICS Angola 2001,"MICS Angola 2001, survey",12753,MPC,Survey,,,,,,AGO,,Yes,0,1,0,1,1,0,1,1,
DHS-BDI-1987,,,DHS Burundi 1987,"DHS Burundi 1987, survey",7781,MPC,Survey,,,,,,BDI,,Yes,0,1,0,1,1,0,1,1,
DHS-BDI-2010,,,DHS Burundi 2010,"DHS Burundi 2010, survey",17131,MPC,Survey,,,,,,BDI,,Yes,0,1,0,1,1,0,1,1,
MICS-BDI-2000,,,MICS Burundi 2000,"MICS Burundi 2000, survey",8015,MPC,Survey,,,,,,BDI,,Yes,0,1,0,1,1,0,1,1,
MICS-BDI-2005,,,MICS Burundi 2005,"MICS Burundi 2005, survey",16548,MPC,Survey,,,,,,BDI,,Yes,0,1,0,1,1,0,1,1,
DHS-BFA-1993,,,DHS Burkina Faso 1993,"DHS Burkina Faso 1993, survey",12182,MPC,Survey,,,,,,BFA,,Yes,0,1,0,1,1,0,1,1,
DHS-BFA-1998,,,DHS Burkina Faso 1998,"DHS Burkina Faso 1998, survey",12398,MPC,Survey,,,,,,BFA,,Yes,0,1,0,1,1,0,1,1,
DHS-BFA-2003,,,DHS Burkina Faso 2003,"DHS Burkina Faso 2003, survey",23122,MPC,Survey,,,,,,BFA,,Yes,0,1,0,1,1,0,1,1,
DHS-BFA-2010,,,DHS Burkina Faso 2010,"DHS Burkina Faso 2010, survey",32131,MPC,Survey,,,,,,BFA,,Yes,0,1,0,1,1,0,1,1,
IPUMS-BFA-1985,,,IPUMS-International Burkina Faso 1985,"IPUMS-International Burkina Faso 1985, census",884797,MPC,Census,,,,,,BFA,,Yes,0,1,0,1,1,0,1,1,
IPUMS-BFA-1996,,,IPUMS-International Burkina Faso 1996,"IPUMS-International Burkina Faso 1996, census",1081046,MPC,Census,,,,,,BFA,,Yes,0,1,0,1,1,0,1,1,
IPUMS-BFA-2006,,,IPUMS-International Burkina Faso 2006,"IPUMS-International Burkina Faso 2006, census",1417824,MPC,Census,,,,,,BFA,,Yes,0,1,0,1,1,0,1,1,
MICS-BFA-2006,,,MICS Burkina Faso 2006,"MICS Burkina Faso 2006, survey",13836,MPC,Survey,,,,,,BFA,,Yes,0,1,0,1,1,0,1,1,
Burkina Faso Zn,BFZn,bfzn,Zn Trial in Burkina Faso,"Effect of preventive and therapeutic zinc supplementation programs on nutritional status, growth, and morbidity among young children: a randomized, partially masked, community-based trial",7641,QC completed,Longitudinal,Nutritional,6,Months,7,Months,BFA,"Children who are not severely malnourished, anemic, or acutely or chronically ill","Ht, Wt, MUAC at Baseline, Wk 16, Wk 32 and Wk 48",1,1,1,1,1,1,1,1,0
iLiNS-Zinc,LNSZ,lnsz,iLiNS-Zinc Study,"Effect of small-quantity Lipid-based Nutrient Supplements on growth, stunting, and wasting in young children: cluster-randomized trial",3266,QC completed,Longitudinal,Nutritional,9,Months,18,Months,BFA,Rural infants,"Len, Wt, HCIR, MUAC at 9, 12, 15 months and other follow up visits. Body composition.",1,1,1,1,1,1,1,1,1
DHS-BGD-1997,,,DHS Bangladesh 1997,"DHS Bangladesh 1997, survey",15316,MPC,Survey,,,,,,BGD,,Yes,0,1,0,1,1,0,1,1,
DHS-BGD-2000,,,DHS Bangladesh 2000,"DHS Bangladesh 2000, survey",17376,MPC,Survey,,,,,,BGD,,Yes,0,1,0,1,1,0,1,1,
DHS-BGD-2004,,,DHS Bangladesh 2004,"DHS Bangladesh 2004, survey",18348,MPC,Survey,,,,,,BGD,,Yes,0,1,0,1,1,0,1,1,
DHS-BGD-2007,,,DHS Bangladesh 2007,"DHS Bangladesh 2007, survey",17146,MPC,Survey,,,,,,BGD,,Yes,0,1,0,1,1,0,1,1,
DHS-BGD-2011,,,DHS Bangladesh 2011,"DHS Bangladesh 2011, survey",26595,MPC,Survey,,,,,,BGD,,Yes,0,1,0,1,1,0,1,1,
IPUMS-BGD-1991,,,IPUMS-International Bangladesh 1991,"IPUMS-International Bangladesh 1991, census",10580904,MPC,Census,,,,,,BGD,,Yes,0,1,0,1,1,0,1,1,
IPUMS-BGD-2001,,,IPUMS-International Bangladesh 2001,"IPUMS-International Bangladesh 2001, census",12442115,MPC,Census,,,,,,BGD,,Yes,0,1,0,1,1,0,1,1,
IPUMS-BGD-2011,,,IPUMS-International Bangladesh 2011,"IPUMS-International Bangladesh 2011, census",7205720,MPC,Census,,,,,,BGD,,Yes,0,1,0,1,1,0,1,1,
MICS-BGD-2006,,,MICS Bangladesh 2006,"MICS Bangladesh 2006, survey",101426,MPC,Survey,,,,,,BGD,,Yes,0,1,0,1,1,0,1,1,
MICS-BGD-2012,,,MICS Bangladesh 2012-13,"MICS Bangladesh 2012-13, survey",83001,MPC,Survey,,,,,,BGD,,Yes,0,1,0,1,1,0,1,1,
Bangladesh Diarrhea,BngD,bngd,Longitudinal Growth Study,"Longitudinal study of growth, infectious disease, diarrhea, and nutrition in children",197,QC completed,Longitudinal,No Intervention,2,Months,48,Months,BGD,Rural infants,"Ht, Wt,  MUAC, TSFT monthly for about 14 months",0,1,1,1,0,1,1,1,
Bangladesh Rice,BngR,bngr,Dietary Survey in Bangladeshi Children,Cross-sectional dietary survey in children aged 24-48 mo,548,QC completed,Cross Sectional,No Intervention,24,Months,48,Months,BGD,Rural children aged 2-4 y,Ht & Wt of child &  primary caregiver (cross-sectional),0,1,0,1,1,0,1,1,
JiVitA-3,JVt3,jvt3,JiVitA-3 Study,Impact of antenatal multiple micronutrient supplementation on infant mortality,28511,QC completed,Longitudinal,Nutritional,-20,Weeks,-30,Weeks,BGD,Pregnant women and their infant children,"Len, Wt, MUAC, BIA at birth, 1M, 3M, 6M, 12M and 24M.",1,1,1,1,1,0,1,1,1
JiVitA-4,JVt4,jvt4,JiVitA-4 Study,Effect of fortified complementary food supplementation on child growth in rural Bangladesh: a cluster-randomized trial,5449,QC completed,Longitudinal,Nutritional,0,Months,6,Months,BGD,Infants aged 0-6 mo,"Every 3 months from 6 to 18 months, BIA in a subset",1,1,1,1,1,1,1,1,1
MatlabD,MTLD,mtld,Matlab Deliveries,"Birth cohort of children delivered at Matlab Hospital, Dhaka",2734,QC completed,Cross Sectional,No Intervention,0,Days,0,Days,BGD,Expectant mothers admitted for delivery at Matlab Hospital,"Ht, Wt at birth, and for mother",0,0,0,1,1,0,1,1,
MatlabKMC,MKMC,mkmc,Matlab KMC,"Birth cohort of neonates undergoing a kangaroo mother care intervention at Matlab Hospital, Dhaka",430,QC completed,Cross Sectional,No Intervention,0,Days,0,Days,BGD,Neonates with gestational age < 37 wk or birth weight < 2000 g,"Ht, Wt, OFC and chest circum at birth and/or hospital admission",0,1,0,1,1,1,1,1,
MatlabN,MTLN,mtln,Matlab Neonates,"Cohort of neonates with complications admitted to Matlab Hospital, Dhaka",1523,QC completed,Cross Sectional,No Intervention,0,Days,0,Days,BGD,Neonates with complications admitted to Matlab Hospital,"Ht, Wt, OFC and chest circum at birth and/or hospital admission",0,1,0,1,1,1,1,1,
NIH-Birth,NBrt,nbrt,NIH Birth Cohort Study,"Children at birth in Mirpur neighborhood, Dhaka",629,QC completed,Longitudinal,No Intervention,0,Days,15,Days,BGD,Birth cohort,Ht & Wt collected q3 months for 5 years,1,1,1,1,1,1,1,1,1
NIH-Crypto,NCry,ncry,NIH Cryptosporidium Cohort Study,Natural history of Cryptosporidiosis in slum-dwelling children: association with severe malnutrition,760,QC completed,Longitudinal,No Intervention,0,Days,7,Days,BGD,Slum-dwelling newborns in Mirpur and Mirzapur,"Length, Wt and MUAC quarterly through age 4",1,1,1,1,1,1,1,1,1
NIH-Preschool,NPre,npre,NIH Preschool Cohort Study,Case control study of blood antilectin immunoglobulin G in children aged 2-5 and 7-9 years,529,QC completed,Longitudinal,No Intervention,2,Years,9,Years,BGD,Preschool cohort,Ht & Wt collected 2-3 times per week for 5-10 years,0,1,1,1,1,0,1,1,
PROVIDE,PRVD,prvd,PROVIDE Study,Performance of Rotavirus and Oral Polio Vaccines in Developing Countries,700,QC completed,Longitudinal,Vaccine,0,Days,7,Days,BGD,Birth cohort,"Ht & Wt is collected ~16 times during the first 2 years of life, then less frequently through age 5",1,1,1,1,1,1,1,1,1
WASH-Bangladesh,WSB,wsb,WASH Benefits Bangladesh Trial,"Cluster-randomised controlled trials of individual and combined water, sanitation, hygiene, and nutritional interventions",10858,QC completed,Longitudinal,"WASH, Nutrition",-6,Months,-3,Months,BGD,Rural children,"LT, WT, HCIR from birth to 2 years",1,1,1,1,1,0,1,1,0
MAL-ED,MLEX,mlex,MAL-ED Study,Global study of enteropathy and its effects on anthropometry from birth through age 2 years,2145,QC completed,Longitudinal,No Intervention,0,Days,17,Days,"BGD, BRA, IND, NPL, PER, PAK, ZAF, TZA",Multinational birth cohort,"LT, WT, HCIR from birth to 2 years. 5 year follow up data.",1,1,1,1,1,1,1,1,1
ANISA,ANSA,ansa,ANISA,Aetiology of Neonatal Infection in South Asia,73635,QC completed,Longitudinal,No Intervention,1,Days,60,Days,"BGD, IND, PAK",Community-based birth cohort,None,0,0,1,1,1,1,1,1,
GordonTwin,GTwn,gtwn,Birth cohort study of twins,"Birth cohort study of twins measuring anthropometry, micobiology, and associated symptoms",69,QC completed,Cross Sectional,No Intervention,0,Months,0,Months,"BGD, MWI",Multiple birth children recruited from populations where childhood malnutrition is prevalent,Z-scores for height and weight,0,1,0,1,0,1,1,1,
AMANHI,AMNI,amni,AMANHI,"Using ongoing newborn intervention trials to obtain additional data critical to maternal, fetal and newborn health in a harmonized way",11357,QC completed,Longitudinal,No Intervention,-32,Weeks,-20,Weeks,"BGD, PAK, TZA, ZMB, GHA",Pregnant women enrolled from 8 to lt 20wk gestation and their newborn child,"Ultrasound at 24-28 weeks gestation, then birth anthropometry",0,1,1,1,1,0,1,1,
PROBIT,PRBT,prbt,PROBIT Study,Promotion of Breast Feeding Interventional Trial,17046,QC completed,Longitudinal,Nutritional,0,Days,0,Days,BLR,Children,"WT, LT, HCIR, Body Composition",1,1,1,1,1,1,1,1,1
Maya Belize,MBLZ,mblz,Maya Children in Belize,Growth status of school-aged Maya children,360,QC completed,Cross Sectional,No Intervention,5,Years,15,Years,BLZ,"School-aged children in San Antonio village, Toledo district","Ht, Wt, MUAC",0,1,0,1,1,0,1,1,
INTERBIO-21,IB21,ib21,INTERBIO-21,Functional classification of abnormal fetal and neonatal growth phenotypes,2846,QC completed,Longitudinal,No Intervention,-190,Days,-203,Days,"BRA, GBR, KEN, PAK, THA, ZAF",Pregnant women of varied risk profiles,"Yes, including ultrasound",0,1,1,0,1,0,1,1,
COHORTS,CORT,cort,COHORTS,Consortium of Health-Orientated Research in Transitioning Societies,22188,QC completed,Longitudinal,No Intervention,0,Days,0,Days,"BRA, GTM, IND, PHL, ZAF","5 birth cohort studies from Brazil (1982), Guatemala (1969), India (1969), Philippines (1983), South Africa (1990)","Wt, Len/Ht, TSFT and SSFT captured with varying frequency at multiple ages",1,1,1,1,1,1,1,1,1
BIGCS Ultrasound,BIGU,bigu,Born in Guangzhou Cohort Study - Ultrasound Subset,Born in Guangzhou Cohort Study: ultrasonography and longitudinal growth data,3423,QC completed,Longitudinal,No Intervention,-26,Weeks,0,Days,CHN,"Birth cohort, Guangzhou province","Ultrasound, then Ht, Wt & HeadCir at birth & post-natal",0,1,1,1,1,1,1,1,
CLR-China,CLRC,clrc,Cognitive Learning in Rural China,Cognitive learning in rural China,18888,QC completed,Cross Sectional,No Intervention,9,Years,11,Years,CHN,Primary-school-aged rural children,None,0,0,0,1,1,0,1,1,
ChinaEMI,CEMI,cemi,SMS Advice Program in Rural China,Effect on maternal and newborn health of a text message advice program for pregnant women,1952,QC completed,Cross Sectional,Educational,-30,Weeks,-13,Weeks,CHN,Rural pregnant women,Birth weight & length only,0,1,0,1,1,0,1,1,
Gansu,GNSU,gnsu,Gansu Survey of 4th Grade Students,"Student physical health, mental health, and education outcomes in Gansu Province",2686,QC completed,Cross Sectional,No Intervention,8,Years,10,Years,CHN,Grade 4 students in Gansu Province,"Ht, Wt",0,1,0,1,1,0,1,1,
Guangzhou Singleton,BIGS,bigs,Births in Guangzhou - Singletons,Birth records for singleton births in Guangzhou,438439,QC completed,Cross Sectional,No Intervention,0,Days,0,Days,CHN,Singleton births in Guangzhou,"Ht, Wt Hcir at birth",0,1,0,1,1,1,1,1,
Guangzhou Twin,BIGT,bigt,Births in Guangzhou - Twins,Birth records for twin births in Guangzhou,40849,QC completed,Cross Sectional,No Intervention,0,Days,0,Days,CHN,Twin births in Guangzhou,"Ht, Wt Hcir at birth",0,1,0,1,1,1,1,1,
GuizhouHelminth,GZHH,gzhh,Guizhou Intestinal Worm & Child Outcomes,"Intestinal worm infections, child health, and educational outcomes in Guizhou province",2246,QC completed,Cross Sectional,No Intervention,9,Years,11,Years,CHN,School-aged children (9-11 y) in Guizhou province,"HAZ, WAZ, BMI",0,1,0,1,1,0,1,1,
MHRC,MHRC,mhrc,Mental Health in Rural China,Mental Health in Rural China: comparisons of provinces and subgroups of children and adolescents,54498,QC completed,Cross Sectional,No Intervention,8,Years,13,Years,CHN,School-aged children in grades 4-8 in rural areas of 5 provinces,None,0,0,0,1,1,0,1,1,
ShaanxiCogHgb,SHCH,shch,Relationship between hemoglobin and cognition among children in rural China,Relation between hemoglobin and cognition in rural children,3841,QC completed,Cross Sectional,No Intervention,8,Years,10,Years,CHN,Fourth grade students in Shaanxi province,Ht & Wt,0,1,0,1,1,0,1,1,
DHS-CIV-1994,,,DHS Cote d'Ivoire 1994,"DHS Cote d'Ivoire 1994, survey",12097,MPC,Survey,,,,,,CIV,,Yes,0,1,0,1,1,0,1,1,
DHS-CIV-1998,,,DHS Cote d'Ivoire 1998,"DHS Cote d'Ivoire 1998, survey",5032,MPC,Survey,,,,,,CIV,,Yes,0,1,0,1,1,0,1,1,
DHS-CIV-2011,,,DHS Cote d'Ivoire 2011,"DHS Cote d'Ivoire 2011, survey",17836,MPC,Survey,,,,,,CIV,,Yes,0,1,0,1,1,0,1,1,
MICS-CIV-2000,,,MICS Cote d'Ivoire 2000,"MICS Cote d'Ivoire 2000, survey",19402,MPC,Survey,,,,,,CIV,,Yes,0,1,0,1,1,0,1,1,
MICS-CIV-2006,,,MICS Cote d'Ivoire 2006,"MICS Cote d'Ivoire 2006, survey",21492,MPC,Survey,,,,,,CIV,,Yes,0,1,0,1,1,0,1,1,
DHS-CMR-1991,,,DHS Cameroon 1991,"DHS Cameroon 1991, survey",7221,MPC,Survey,,,,,,CMR,,Yes,0,1,0,1,1,0,1,1,
DHS-CMR-1998,,,DHS Cameroon 1998,"DHS Cameroon 1998, survey",7818,MPC,Survey,,,,,,CMR,,Yes,0,1,0,1,1,0,1,1,
DHS-CMR-2004,,,DHS Cameroon 2004,"DHS Cameroon 2004, survey",18781,MPC,Survey,,,,,,CMR,,Yes,0,1,0,1,1,0,1,1,
DHS-CMR-2011,,,DHS Cameroon 2011,"DHS Cameroon 2011, survey",27158,MPC,Survey,,,,,,CMR,,Yes,0,1,0,1,1,0,1,1,
IPUMS-CMR-1976,,,IPUMS-International Cameroon 1976,"IPUMS-International Cameroon 1976, census",736514,MPC,Census,,,,,,CMR,,Yes,0,1,0,1,1,0,1,1,
IPUMS-CMR-1987,,,IPUMS-International Cameroon 1987,"IPUMS-International Cameroon 1987, census",897211,MPC,Census,,,,,,CMR,,Yes,0,1,0,1,1,0,1,1,
IPUMS-CMR-2005,,,IPUMS-International Cameroon 2005,"IPUMS-International Cameroon 2005, census",1772359,MPC,Census,,,,,,CMR,,Yes,0,1,0,1,1,0,1,1,
MICS-CMR-2000,,,MICS Cameroon 2000,"MICS Cameroon 2000, survey",8650,MPC,Survey,,,,,,CMR,,Yes,0,1,0,1,1,0,1,1,
MICS-CMR-2006,,,MICS Cameroon 2006,"MICS Cameroon 2006, survey",15903,MPC,Survey,,,,,,CMR,,Yes,0,1,0,1,1,0,1,1,
DHS-COD-2007,,,DHS Congo DR 2007,"DHS Congo DR 2007, survey",18987,MPC,Survey,,,,,,COD,,Yes,0,1,0,1,1,0,1,1,
DHS-COD-2013,,,DHS Congo DR 2013,"DHS Congo DR 2013, survey",37543,MPC,Survey,,,,,,COD,,Yes,0,1,0,1,1,0,1,1,
MICS-COD-2001,,,MICS Congo DR 2001,"MICS Congo DR 2001, survey",22663,MPC,Survey,,,,,,COD,,Yes,0,1,0,1,1,0,1,1,
MICS-COD-2010,,,MICS Congo DR 2010,"MICS Congo DR 2010, survey",24480,MPC,Survey,,,,,,COD,,Yes,0,1,0,1,1,0,1,1,
WomenFirst,WFrst,wfrst,Women First,Preconception Women First Trial,2668,QC completed,Longitudinal,Nutritional,-1,Years,-1,Years,"COD, GTM, IND, PAK",Women 16-35 y of age; parity 0-5; expectation to have first or additional pregnancy within next 2 y and without intent to utilize contraception; became pregnant no sooner than 3 months from randomization,"Ht, Wt",0,1,1,1,1,0,1,1,
Ecuador Egg,EEgg,eegg,Ecuador Egg Trial,Randomized controlled trial of eggs as complementary feeding of infants,160,QC completed,Longitudinal,Nutritional,6,Months,9,Months,ECU,Rural infants aged 6 to 9 mo beginning complementary feeding,Ht/Len at study entry and 6 months later,0,1,1,1,0,1,1,1,
Ecuador Zn,EcZn,eczn,Ecuador Zn Trial,"Dose-response trial of prophylactic zinc supplements, with or without copper, in young children at risk of zinc deficiency",646,QC completed,Longitudinal,Nutritional,12,Months,30,Months,ECU,Children with HAZ < -1.3,Wt and Ht every 1-3 months for 1 year,0,1,1,1,1,1,1,1,
DHS-EGY-1988,,,DHS Egypt 1988,"DHS Egypt 1988, survey",17558,MPC,Survey,,,,,,EGY,,Yes,0,1,0,1,1,0,1,1,
DHS-EGY-1992,,,DHS Egypt 1992,"DHS Egypt 1992, survey",18628,MPC,Survey,,,,,,EGY,,Yes,0,1,0,1,1,0,1,1,
DHS-EGY-1995,,,DHS Egypt 1995,"DHS Egypt 1995, survey",26914,MPC,Survey,,,,,,EGY,,Yes,0,1,0,1,1,0,1,1,
DHS-EGY-2000,,,DHS Egypt 2000,"DHS Egypt 2000, survey",27040,MPC,Survey,,,,,,EGY,,Yes,0,1,0,1,1,0,1,1,
DHS-EGY-2005,,,DHS Egypt 2005,"DHS Egypt 2005, survey",33325,MPC,Survey,,,,,,EGY,,Yes,0,1,0,1,1,0,1,1,
DHS-EGY-2008,,,DHS Egypt 2008,"DHS Egypt 2008, survey",27399,MPC,Survey,,,,,,EGY,,Yes,0,1,0,1,1,0,1,1,
DHS-EGY-2014,,,DHS Egypt 2014,"DHS Egypt 2014, survey",37610,MPC,Survey,,,,,,EGY,,Yes,0,1,0,1,1,0,1,1,
IPUMS-EGY-1996,,,IPUMS-International Egypt 1996,"IPUMS-International Egypt 1996, census",5902243,MPC,Census,,,,,,EGY,,Yes,0,1,0,1,1,0,1,1,
IPUMS-EGY-2006,,,IPUMS-International Egypt 2006,"IPUMS-International Egypt 2006, census",7282434,MPC,Census,,,,,,EGY,,Yes,0,1,0,1,1,0,1,1,
MICS-EGY-2013,,,MICS Egypt 2013-14,"MICS Egypt 2013-14, survey",10937,MPC,Survey,,,,,,EGY,,Yes,0,1,0,1,1,0,1,1,
DHS-ETH-2000,,,DHS Ethiopia 2000,"DHS Ethiopia 2000, survey",26240,MPC,Survey,,,,,,ETH,,Yes,0,1,0,1,1,0,1,1,
DHS-ETH-2005,,,DHS Ethiopia 2005,"DHS Ethiopia 2005, survey",23931,MPC,Survey,,,,,,ETH,,Yes,0,1,0,1,1,0,1,1,
DHS-ETH-2011,,,DHS Ethiopia 2011,"DHS Ethiopia 2011, survey",28169,MPC,Survey,,,,,,ETH,,Yes,0,1,0,1,1,0,1,1,
IPUMS-ETH-1984,,,IPUMS-International Ethiopia 1984,"IPUMS-International Ethiopia 1984, census",3404306,MPC,Census,,,,,,ETH,,Yes,0,1,0,1,1,0,1,1,
IPUMS-ETH-1994,,,IPUMS-International Ethiopia 1994,"IPUMS-International Ethiopia 1994, census",5044598,MPC,Census,,,,,,ETH,,Yes,0,1,0,1,1,0,1,1,
IPUMS-ETH-2007,,,IPUMS-International Ethiopia 2007,"IPUMS-International Ethiopia 2007, census",7434086,MPC,Census,,,,,,ETH,,Yes,0,1,0,1,1,0,1,1,
DHS-GHA-1988,,,DHS Ghana 1988,"DHS Ghana 1988, survey",8624,MPC,Survey,,,,,,GHA,,Yes,0,1,0,1,1,0,1,1,
DHS-GHA-1993,,,DHS Ghana 1993,"DHS Ghana 1993, survey",6766,MPC,Survey,,,,,,GHA,,Yes,0,1,0,1,1,0,1,1,
DHS-GHA-1998,,,DHS Ghana 1998,"DHS Ghana 1998, survey",8141,MPC,Survey,,,,,,GHA,,Yes,0,1,0,1,1,0,1,1,
DHS-GHA-2003,,,DHS Ghana 2003,"DHS Ghana 2003, survey",9535,MPC,Survey,,,,,,GHA,,Yes,0,1,0,1,1,0,1,1,
DHS-GHA-2008,,,DHS Ghana 2008,"DHS Ghana 2008, survey",7908,MPC,Survey,,,,,,GHA,,Yes,0,1,0,1,1,0,1,1,
DHS-GHA-2014,,,DHS Ghana 2014,"DHS Ghana 2014, survey",15280,MPC,Survey,,,,,,GHA,,Yes,0,1,0,1,1,0,1,1,
IPUMS-GHA-1984,,,IPUMS-International Ghana 1984,"IPUMS-International Ghana 1984, census",1309352,MPC,Census,,,,,,GHA,,Yes,0,1,0,1,1,0,1,1,
IPUMS-GHA-2000,,,IPUMS-International Ghana 2000,"IPUMS-International Ghana 2000, census",1894133,MPC,Census,,,,,,GHA,,Yes,0,1,0,1,1,0,1,1,
IPUMS-GHA-2010,,,IPUMS-International Ghana 2010,"IPUMS-International Ghana 2010, census",2466289,MPC,Census,,,,,,GHA,,Yes,0,1,0,1,1,0,1,1,
MICS-GHA-2006,,,MICS Ghana 2006,"MICS Ghana 2006, survey",9785,MPC,Survey,,,,,,GHA,,Yes,0,1,0,1,1,0,1,1,
MICS-GHA-2010,,,MICS Ghana 2010-2011,"MICS Ghana 2010-2011, survey",1747,MPC,Survey,,,,,,GHA,,Yes,0,1,0,1,1,0,1,1,
MICS-GHA-2011,,,MICS Ghana 2011,"MICS Ghana 2011, survey",18177,MPC,Survey,,,,,,GHA,,Yes,0,1,0,1,1,0,1,1,
GEMS-1,GEMS,gems,GEMS-1 Study,Global Enteric Multicenter Study: case-control study at 7 sites in Africa and Asia,22567,QC completed,Cross Sectional,No Intervention,0,Months,59,Months,"GMB, MLI, MOZ, KEN, IND, BGD, PAK","Children with diarrheal disease and age- and sex-matched controls, aged < 5 y","Ht, Wt & MUAC at enrollemt and 60-days post",0,1,0,1,1,1,0,1,
GEMS-1A,GMSA,gmsa,GEMS-1A Study,Global Enteric Multicenter Study: case-control study at 7 sites in Africa and Asia,14242,QC completed,Cross Sectional,No Intervention,0,Months,59,Months,"GMB, MLI, MOZ, KEN, IND, BGD, PAK","Children with diarrheal disease and age- and sex-matched controls, aged < 5 y","Ht, Wt & MUAC at enrollemt and 60-days post",0,1,0,1,1,1,0,1,
DHS-GTM-1987,,,DHS Guatemala 1987,"DHS Guatemala 1987, survey",9787,MPC,Survey,,,,,,GTM,,Yes,0,1,0,1,1,0,1,1,
DHS-GTM-1995,,,DHS Guatemala 1995,"DHS Guatemala 1995, survey",22355,MPC,Survey,,,,,,GTM,,Yes,0,1,0,1,1,0,1,1,
Guatemala BSC,GBSC,gbsc,Longitudinal study of BSC in Guatemala,"Effects of bovine serum concentrate and supplemental micronutrients on growth, morbidity, and micronutrient status of young children in a low-income, periurban community",315,QC completed,Longitudinal,Nutritional,6,Months,7,Months,GTM,Low-income periurban children aged 6-7 mo,"Ht, Wt, MUAC monthly for 8 months",1,1,1,1,1,1,1,1,1
UVG Growth,GuaL,gual,Univ del Valle de Guatemala Longitudinal Study,"Longitudinal study of growth, cognition, and bone formation in school-aged children in various socioeconomic groups",40787,QC completed,Longitudinal,No Intervention,3,Years,18,Years,GTM,School-aged children from various socioeconomic and ethnic groups,"Ht, Wt, MUAC, SSSFT, TSFT and bone maturity in a subset",0,1,1,1,1,0,1,1,
DHS-IDN-1987,,,DHS Indonesia 1987,"DHS Indonesia 1987, survey",20024,MPC,Survey,,,,,,IDN,,Yes,0,1,0,1,1,0,1,1,
DHS-IDN-1991,,,DHS Indonesia 1991,"DHS Indonesia 1991, survey",38617,MPC,Survey,,,,,,IDN,,Yes,0,1,0,1,1,0,1,1,
DHS-IDN-1994,,,DHS Indonesia 1994,"DHS Indonesia 1994, survey",46364,MPC,Survey,,,,,,IDN,,Yes,0,1,0,1,1,0,1,1,
DHS-IDN-1997,,,DHS Indonesia 1997,"DHS Indonesia 1997, survey",46254,MPC,Survey,,,,,,IDN,,Yes,0,1,0,1,1,0,1,1,
DHS-IDN-2002,,,DHS Indonesia 2002,"DHS Indonesia 2002, survey",45689,MPC,Survey,,,,,,IDN,,Yes,0,1,0,1,1,0,1,1,
DHS-IDN-2007,,,DHS Indonesia 2007,"DHS Indonesia 2007, survey",50329,MPC,Survey,,,,,,IDN,,Yes,0,1,0,1,1,0,1,1,
DHS-IDN-2012,,,DHS Indonesia 2012,"DHS Indonesia 2012, survey",63628,MPC,Survey,,,,,,IDN,,Yes,0,1,0,1,1,0,1,1,
IPUMS-IDN-1971,,,IPUMS-International Indonesia 1971,"IPUMS-International Indonesia 1971, census",634642,MPC,Census,,,,,,IDN,,Yes,0,1,0,1,1,0,1,1,
IPUMS-IDN-1976,,,IPUMS-International Indonesia 1976,"IPUMS-International Indonesia 1976, intercensal survey",281170,MPC,Survey,,,,,,IDN,,Yes,0,1,0,1,1,0,1,1,
IPUMS-IDN-1980,,,IPUMS-International Indonesia 1980,"IPUMS-International Indonesia 1980, census",7234577,MPC,Census,,,,,,IDN,,Yes,0,1,0,1,1,0,1,1,
IPUMS-IDN-1985,,,IPUMS-International Indonesia 1985,"IPUMS-International Indonesia 1985, intercensal survey",605858,MPC,Survey,,,,,,IDN,,Yes,0,1,0,1,1,0,1,1,
IPUMS-IDN-1990,,,IPUMS-International Indonesia 1990,"IPUMS-International Indonesia 1990, census",912544,MPC,Census,,,,,,IDN,,Yes,0,1,0,1,1,0,1,1,
IPUMS-IDN-1995,,,IPUMS-International Indonesia 1995,"IPUMS-International Indonesia 1995, intercensal survey",718837,MPC,Survey,,,,,,IDN,,Yes,0,1,0,1,1,0,1,1,
IPUMS-IDN-2000,,,IPUMS-International Indonesia 2000,"IPUMS-International Indonesia 2000, census",20112539,MPC,Census,,,,,,IDN,,Yes,0,1,0,1,1,0,1,1,
IPUMS-IDN-2005,,,IPUMS-International Indonesia 2005,"IPUMS-International Indonesia 2005, intercensal survey",1090892,MPC,Survey,,,,,,IDN,,Yes,0,1,0,1,1,0,1,1,
IPUMS-IDN-2010,,,IPUMS-International Indonesia 2010,"IPUMS-International Indonesia 2010, census",23603049,MPC,Census,,,,,,IDN,,Yes,0,1,0,1,1,0,1,1,
MICS-IDN-2000,,,MICS Indonesia 2000,"MICS Indonesia 2000, survey",15236,MPC,Survey,,,,,,IDN,,Yes,0,1,0,1,1,0,1,1,
MICS-IDN-2011,,,MICS Indonesia 2011,"MICS Indonesia 2011, survey",8825,MPC,Survey,,,,,,IDN,,Yes,0,1,0,1,1,0,1,1,
DHS-IND-1992,,,DHS India 1992,"DHS India 1992, survey",138736,MPC,Survey,,,,,,IND,,Yes,0,1,0,1,1,0,1,1,
DHS-IND-1998,,,DHS India 1998,"DHS India 1998, survey",123329,MPC,Survey,,,,,,IND,,Yes,0,1,0,1,1,0,1,1,
DHS-IND-2005,,,DHS India 2005,"DHS India 2005, survey",172980,MPC,Survey,,,,,,IND,,Yes,0,1,0,1,1,0,1,1,
IPUMS-IND-1983,,,IPUMS-International India 1983,"IPUMS-International India 1983, employment survey",623494,MPC,Survey,,,,,,IND,,Yes,0,1,0,1,1,0,1,1,
IPUMS-IND-1987,,,IPUMS-International India 1987,"IPUMS-International India 1987, employment survey",667848,MPC,Survey,,,,,,IND,,Yes,0,1,0,1,1,0,1,1,
IPUMS-IND-1993,,,IPUMS-International India 1993,"IPUMS-International India 1993, employment survey",564740,MPC,Survey,,,,,,IND,,Yes,0,1,0,1,1,0,1,1,
IPUMS-IND-1999,,,IPUMS-International India 1999,"IPUMS-International India 1999, employment survey",596688,MPC,Survey,,,,,,IND,,Yes,0,1,0,1,1,0,1,1,
IPUMS-IND-2004,,,IPUMS-International India 2004,"IPUMS-International India 2004, employment survey",602833,MPC,Survey,,,,,,IND,,Yes,0,1,0,1,1,0,1,1,
BtS,BtS,bts,BtS ICMR-CIHR,Brain to Society (BtS) diagnostic for the prevention of childhood obesity and its chronic disease consequences,612,QC completed,Longitudinal,No Intervention,5,Years,12,Years,IND,"9 rural villages in Palwal, Haryana district, children aged 5-12 y",For both children and parents,0,1,1,1,1,0,1,1,
CMC-V-BCS-2002,CMC,cmc,CMC Vellore Birth Cohort 2002,Rotavirus seasonality and age effects in a birth cohort study in Vellore,373,QC completed,Longitudinal,No Intervention,0,Days,0,Days,IND,Birth cohort in urban Vellore,Ht & Wt monthly thru approx M30,1,1,1,1,1,1,1,1,1
CordBloodCytometry,CBCY,cbcy,Delhi Umbilical Cord Blood Study,Leukocyte constituents in cord blood of neonates born in Delhi hospitals,541,QC completed,Cross Sectional,No Intervention,-5,Weeks,-5,Weeks,IND,Births at 3 secondary and tertiary care hospitals in Delhi with no major maternal risk factors for small for gestational age at birth,"At birth only for the child, but during ANC visits for the mother",0,1,0,1,1,0,1,1,
DIVIDS,DVDS,dvds,DIVIDS-1 with 5 year Follow-up,Randomised Controlled Trial to Evaluate the Preventive Effect on Mortality and Serious Morbidity/ Hospitalisations of Daily Vitamin D Supplements in Small for Gestational Age Term Infants,2100,QC completed,Longitudinal,Nutritional,1,Days,3,Days,IND,"Children who are not severely malnourished, anemic, or acutely or chronically ill","Len, Wt, MUAC, Hcir, at 7 time points in first 6 months, then 1 follow-up age 3-6 years",0,1,1,1,1,1,1,1,
DSS,DSS,dss,"Demographic Surveillance Study in Vellore, India",Demographic Surveillance Study in Vellore,154371,QC completed,Cross Sectional,No Intervention,0,Days,0,Days,IND,Demographic surveillance in Vellore,None,0,0,0,1,1,1,1,1,
EU,EU,eu,Zn Supp for Diarrheal Pneuomonia,Zinc supplementation in diarrheal pneumonia,2482,QC completed,Longitudinal,Nutritional,6,Months,30,Months,IND,Children in a New Delhi slum,Weight and length at enrollment and  endstudy ( 4 months after enrollment),1,1,1,1,1,1,1,1,0
IMNCI,IMNC,imnc,Integrated Management of Neonatal and Childhood Illness,Cluster randomized trial of the effect of the Integrated Management of Neonatal and Childhood Illness programme on neonatal and infant mortality,60480,QC completed,Longitudinal,Integrated Management,0,Days,0,Days,IND,"Newborns, Faridabad District, Haryana","Birth weight (for 40% of enrolled children), weight and length of 2881 children at 12 months",0,1,1,1,1,1,1,1,
IRC,IRC,irc,Vellore Crypto Study,Birth cohort study of Cryptosporidium infection in children,410,QC completed,Longitudinal,No Intervention,0,Days,0,Days,IND,Birth cohort in 4 contiguous slums in Vellore,Monthly through Age 3,1,1,1,1,1,1,1,1,1
LBW,ZLBW,zlbw,Zn Supp Trial in LBW,Zinc supplementation in children with low birth weight,2052,QC completed,Longitudinal,Nutritional,0,Days,0,Days,IND,Hospital born children with low birth weight,"Birth weight, weight and length at 3 months, 6 months, 9 months and 12 months",0,1,1,1,1,1,1,1,
MAHANTrust,MAHN,mahn,Study of Early Childood Deaths in Rural India,"Community based, prospective, cross-sectional study of causes and time trends of child deaths (age, 0-5 y) over 10 years by verbal autopsy in tribal areas of Melghat",535,QC completed,Cross Sectional,No Intervention,-24,Weeks,5,Years,IND,"All deceased children, aged 0-5 y, from 34 villages in tribal regions of Melghat (total resident population, 30,983)",None,0,0,0,1,1,1,1,1,
NBSP,NBSP,nbsp,Newborn Stove Pilot Study,Patterns of use of an advanced cookstove in households with newborns,202,QC completed,Cross Sectional,No Intervention,0,Days,0,Days,IND,"Newborns in Palwal District, Haryana State",Birth weight only,0,1,0,1,1,1,1,1,
NEOVITA,NVTA,nvta,Neonatal Vit A Supp Trial,Neonatal vitamin A supplementation trial,45000,QC completed,Longitudinal,Nutritional,0,Days,0,Days,IND,Children in Haryana State,Birth weight,0,1,1,1,1,1,1,1,
SAS-CompFeed,CMPF,cmpf,Optimal Infant Feeding Practices,Cluster randomized trial of the promotion of optimal complementary feeding practices,1025,QC completed,Longitudinal,Educational,0,Months,0,Months,IND,Infants in rural Haryana,"Birth weight, weight and length at 3 months, 6 months, 9 months and 12 months",1,1,1,1,1,1,1,1,1
SAS-FoodSuppl,FSPP,fspp,Randomized Food Supplementation Trial Ages 4-12 Months,Randomized trial: effect of feeding a food supplement to infants on weight gain,400,QC completed,Longitudinal,Nutritional,4,Months,4,Months,IND,"Infants, age 4 months, from an urban slum in Delhi","Weight and length at enrollment, 26 weeks, 38 weeks and 52 weeks",1,1,1,1,1,1,1,1,1
SOLUR,SOLR,solr,SOLUR Study,"Study of fetal, birth, and postnatal development",131,QC completed,Longitudinal,No Intervention,-8,Weeks,-1,Days,IND,Pregnant women,Pre-natal ultrasound details; birth Ht & Wt,0,1,1,1,0,0,1,1,
TDC,TDC,tdc,Transmission Dynamics of Cryptosporidial Infections,Bottled water to prevent or delay Cryptosporidium infection,160,QC completed,Longitudinal,WASH,0,Days,0,Days,IND,Birth cohort in 4 contiguous slums in Vellore,Monthly through Age 2,0,1,1,1,0,1,1,1,
TTBW,TTBW,ttbw,Time Trends in Birth Weight,Trends in birth weight in 2 cohorts born at Government Maternity Hospital in Hyderabad,1776,QC completed,Cross Sectional,No Intervention,0,Days,0,Days,IND,Mother-child dyads born at a government hospital in Hyderabad (1991-1992 and 2005-2006),"Birth wt, len for the child; extensive for the mother, including body comp",0,1,0,1,1,1,1,1,
VITAMIN-A,VITA,vita,EPI Linked Vita A,Vitamin A supplementation,4716,QC completed,Longitudinal,Nutritional,1,Months,1,Months,IND,Mother-Infant pairs,"Weight and length at 6 weeks, 6 months, 9 months and 12 months",1,1,1,1,1,1,1,1,0
Vitamin-B12,VB12,vb12,Vit B12 Supp Trial,Vitamin B12 supplementation,1000,QC completed,Longitudinal,Nutritional,6,Months,30,Months,IND,Children,Weight and length at enrollment and endstudy ( 4 months after enrollment),1,1,1,1,1,1,1,1,0
ZincInf,ZINF,zinf,Zn Treatment for Diarrhea,Zinc in treatment of diarrhoea,1110,QC completed,Longitudinal,Nutritional,1,Months,5,Months,IND,Infants with acute diarrhea,"At enrollment, weight and length at week 4 and week 8",0,1,1,1,1,1,0,1,
ZincSGA,ZSGA,zsga,Zinc supplementation in SGA infants,Zinc supplementation in infants born small for gestational age,1154,QC completed,Longitudinal,Nutritional,0,Weeks,0,Weeks,IND,Infants born small for gestational age,"WT, LEN, HCIRCM",0,1,1,1,1,1,0,1,
ZnMort,ZMRT,zmrt,Zn Supp and Infant Mortality,Zinc supplementation and infant mortality,94359,QC completed,Longitudinal,Nutritional,1,Months,23,Months,IND,Children aged 1-23 mo,"Birth weight (22273 children), enrollment (1750 children) , endstudy (1127 children)",1,1,1,1,1,1,1,1,0
IPUMS-IRQ-1997,,,IPUMS-International Iraq 1997,"IPUMS-International Iraq 1997, census",1944278,MPC,Census,,,,,,IRQ,,Yes,0,1,0,1,1,0,1,1,
MICS-IRQ-2000,,,MICS Iraq 2000,"MICS Iraq 2000, survey",37584,MPC,Survey,,,,,,IRQ,,Yes,0,1,0,1,1,0,1,1,
MICS-IRQ-2006,,,MICS Iraq 2006,"MICS Iraq 2006, survey",43655,MPC,Survey,,,,,,IRQ,,Yes,0,1,0,1,1,0,1,1,
MICS-IRQ-2011,,,MICS Iraq 2011,"MICS Iraq 2011, survey",91501,MPC,Survey,,,,,,IRQ,,Yes,0,1,0,1,1,0,1,1,
DHS-KEN-1993,,,DHS Kenya 1993,"DHS Kenya 1993, survey",13655,MPC,Survey,,,,,,KEN,,Yes,0,1,0,1,1,0,1,1,
DHS-KEN-1998,,,DHS Kenya 1998,"DHS Kenya 1998, survey",11412,MPC,Survey,,,,,,KEN,,Yes,0,1,0,1,1,0,1,1,
DHS-KEN-2003,,,DHS Kenya 2003,"DHS Kenya 2003, survey",14144,MPC,Survey,,,,,,KEN,,Yes,0,1,0,1,1,0,1,1,
DHS-KEN-2008,,,DHS Kenya 2008,"DHS Kenya 2008, survey",14523,MPC,Survey,,,,,,KEN,,Yes,0,1,0,1,1,0,1,1,
DHS-KEN-2014,,,DHS Kenya 2014,"DHS Kenya 2014, survey",52043,MPC,Survey,,,,,,KEN,,Yes,0,1,0,1,1,0,1,1,
IPUMS-KEN-1969,,,IPUMS-International Kenya 1969,"IPUMS-International Kenya 1969, census",659310,MPC,Census,,,,,,KEN,,Yes,0,1,0,1,1,0,1,1,
IPUMS-KEN-1979,,,IPUMS-International Kenya 1979,"IPUMS-International Kenya 1979, census",1033769,MPC,Census,,,,,,KEN,,Yes,0,1,0,1,1,0,1,1,
IPUMS-KEN-1989,,,IPUMS-International Kenya 1989,"IPUMS-International Kenya 1989, census",1074098,MPC,Census,,,,,,KEN,,Yes,0,1,0,1,1,0,1,1,
IPUMS-KEN-1999,,,IPUMS-International Kenya 1999,"IPUMS-International Kenya 1999, census",1407547,MPC,Census,,,,,,KEN,,Yes,0,1,0,1,1,0,1,1,
IPUMS-KEN-2009,,,IPUMS-International Kenya 2009,"IPUMS-International Kenya 2009, census",3841935,MPC,Census,,,,,,KEN,,Yes,0,1,0,1,1,0,1,1,
MICS-KEN-0009,,,MICS Kenya 2009,"MICS Kenya 2009, survey",1275,MPC,Survey,,,,,,KEN,,Yes,0,1,0,1,1,0,1,1,
MICS-KEN-2000,,,MICS Kenya 2000,"MICS Kenya 2000, survey",17791,MPC,Survey,,,,,,KEN,,Yes,0,1,0,1,1,0,1,1,
MICS-KEN-2011,,,MICS Kenya 2011,"MICS Kenya 2011, survey",10953,MPC,Survey,,,,,,KEN,,Yes,0,1,0,1,1,0,1,1,
MICS-KEN-2013,,,MICS Kenya 2013-14,"MICS Kenya 2013-14, survey",6034,MPC,Survey,,,,,,KEN,,Yes,0,1,0,1,1,0,1,1,
WASH-Kenya,WSK,wsk,WASH Benefits Kenya Trial,"Cluster-randomised controlled trials of individual and combined water, sanitation, hygiene, and nutritional interventions",12672,QC completed,Longitudinal,"WASH, Nutrition",-9,Months,3,Months,KEN,Rural pregnant women and infants up to age 3 mo,"Len, Wt, Hcir at enrollment, 15 months and 27 months after enrollment",1,1,1,1,1,,1,1,0
INTERGROWTH-21,IG21,ig21,INTERGROWTH-21,International fetal and newborn growth standards for the 21st century,4500,QC completed,Longitudinal,No Intervention,-190,Days,-203,Days,"KEN, CHN, GBR, IND, ITA, KEN, OMN, USA",Healthy women with a singleton pregnancy,"Yes, including ultrasound",0,1,1,0,1,,1,1,
DHS-KHM-2000,,,DHS Cambodia 2000,"DHS Cambodia 2000, survey",24185,MPC,Survey,,,,,,KHM,,Yes,0,1,0,1,1,0,1,1,
DHS-KHM-2005,,,DHS Cambodia 2005,"DHS Cambodia 2005, survey",25113,MPC,Survey,,,,,,KHM,,Yes,0,1,0,1,1,0,1,1,
DHS-KHM-2010,,,DHS Cambodia 2010,"DHS Cambodia 2010, survey",26986,MPC,Survey,,,,,,KHM,,Yes,0,1,0,1,1,0,1,1,
DHS-KHM-2014,,,DHS Cambodia 2014,"DHS Cambodia 2014, survey",24743,MPC,Survey,,,,,,KHM,,Yes,0,1,0,1,1,0,1,1,
IPUMS-KHM-1998,,,IPUMS-International Cambodia 1998,"IPUMS-International Cambodia 1998, census",1141254,MPC,Census,,,,,,KHM,,Yes,0,1,0,1,1,0,1,1,
IPUMS-KHM-2008,,,IPUMS-International Cambodia 2008,"IPUMS-International Cambodia 2008, census",1340121,MPC,Census,,,,,,KHM,,Yes,0,1,0,1,1,0,1,1,
DHS-MDG-1992,,,DHS Madagascar 1992,"DHS Madagascar 1992, survey",11533,MPC,Survey,,,,,,MDG,,Yes,0,1,0,1,1,0,1,1,
DHS-MDG-1997,,,DHS Madagascar 1997,"DHS Madagascar 1997, survey",10741,MPC,Survey,,,,,,MDG,,Yes,0,1,0,1,1,0,1,1,
DHS-MDG-2003,,,DHS Madagascar 2003,"DHS Madagascar 2003, survey",13364,MPC,Survey,,,,,,MDG,,Yes,0,1,0,1,1,0,1,1,
DHS-MDG-2008,,,DHS Madagascar 2008,"DHS Madagascar 2008, survey",29823,MPC,Survey,,,,,,MDG,,Yes,0,1,0,1,1,0,1,1,
MICS-MDG-2000,,,MICS Madagascar 2000,"MICS Madagascar 2000, survey",13659,MPC,Survey,,,,,,MDG,,Yes,0,1,0,1,1,0,1,1,
MICS-MDG-2012,,,MICS Madagascar 2012,"MICS Madagascar 2012, survey",5894,MPC,Survey,,,,,,MDG,,Yes,0,1,0,1,1,0,1,1,
HEMY,HEMY,hemy,Human Ecology of Migration in the Yucatan,Human Ecology of Migration in the Yucatan,963,QC completed,Longitudinal,No Intervention,9,Years,19,Years,MEX,"Maya people who migrated to Merida city and Celestun and Progreso counties, Yucatan","Wt, Ht, skinfold thickness and arm lengths",0,1,1,1,1,0,1,1,
Maya Refugees Mexico,MyaM,myam,Study of Maya Refugees in Mexico,Maya refugee infants and children aged 1-60 mo in temporary camps in rural Campeche,322,QC completed,Cross Sectional,No Intervention,1,Months,5,Years,MEX,Maya children aged 0-5 years in refugee camps,"Wt, Ht/Len, Hcir, MUAC, TSFT and BSFT,",0,1,0,1,1,1,1,1,
MayaCitrusZone1998,MFZ8,mfz8,"Maya Citrus Zone, 1998",Cross-sectional survey of Maya children in the citrus-fruit-growing zone of Yucatan,256,QC completed,Cross Sectional,No Intervention,0,Days,14,Years,MEX,Maya children aged < 10 y in the citrus-fruit-growing zone of Yucatan,"Ht, Wt, Arm Cir, Waist Circum, Hip Circum, TSFT, SSSFT",0,1,0,1,1,1,1,1,
MayaDualBurden,MyaD,myad,Maya Dual Burden Study,"Cross-sectional survey of Maya mothers and their children living in Merida, Yucatan",58,QC completed,Cross Sectional,No Intervention,0,Days,0,Days,MEX,58 Maya mothers and their children (31 boys) aged 7-9 y living in urban Yucatan,"Wt, Ht, MUAC, TSFT,  SSFT and Knee height",0,1,0,1,0,1,1,1,
MayaMaizeZone1992-93,MCZ2,mcz2,"Maya Maize Zone, 1992-93",Cross-sectional survey of Maya children in the maize-growing zone of Yucatan,793,QC completed,Cross Sectional,No Intervention,0,Days,14,Years,MEX,Maya children aged < 10 y and siblings in the maize-growing zone of Yucatan,"Ht, Wt, Waist Circum, Hip Circum",0,1,0,1,1,1,1,1,
MayaMaizeZone1995,MCZ5,mcz5,"Maya Maize Zone, 1995",Cross-sectional survey of Maya children in the maize-growing zone of Yucatan,511,QC completed,Cross Sectional,No Intervention,0,Days,14,Years,MEX,Maya children aged < 15 y and siblings in the maize-growing zone of Yucatan,"Ht, Wt, Arm Cir, Waist Circum, Hip Circum, TSFT, SSSFT",0,1,0,1,1,1,1,1,
Mexico3G,MX3G,mx3g,Maya 3-Generation Study,Nutritional status of Maya children and their mothers and grandmothers residing in Merida,780,QC completed,Cross Sectional,No Intervention,6,Years,8,Years,MEX,"School-aged Maya children, mothers, and grandmothers in Merida","Wt, Ht, Arm Len, Arm Cir, Head Cir, Waist Cir, Hip Cir",0,1,0,1,1,0,1,1,
DHS-MLI-1987,,,DHS Mali 1987,"DHS Mali 1987, survey",6558,MPC,Survey,,,,,,MLI,,Yes,0,1,0,1,1,0,1,1,
DHS-MLI-1995,,,DHS Mali 1995,"DHS Mali 1995, survey",15735,MPC,Survey,,,,,,MLI,,Yes,0,1,0,1,1,0,1,1,
DHS-MLI-2001,,,DHS Mali 2001,"DHS Mali 2001, survey",25946,MPC,Survey,,,,,,MLI,,Yes,0,1,0,1,1,0,1,1,
DHS-MLI-2006,,,DHS Mali 2006,"DHS Mali 2006, survey",28821,MPC,Survey,,,,,,MLI,,Yes,0,1,0,1,1,0,1,1,
DHS-MLI-2012,,,DHS Mali 2012,"DHS Mali 2012, survey",20750,MPC,Survey,,,,,,MLI,,Yes,0,1,0,1,1,0,1,1,
IPUMS-MLI-1987,,,IPUMS-International Mali 1987,"IPUMS-International Mali 1987, census",785384,MPC,Census,,,,,,MLI,,Yes,0,1,0,1,1,0,1,1,
IPUMS-MLI-1998,,,IPUMS-International Mali 1998,"IPUMS-International Mali 1998, census",991330,MPC,Census,,,,,,MLI,,Yes,0,1,0,1,1,0,1,1,
IPUMS-MLI-2009,,,IPUMS-International Mali 2009,"IPUMS-International Mali 2009, census",1451856,MPC,Census,,,,,,MLI,,Yes,0,1,0,1,1,0,1,1,
MaliMMAM,MMAM,mmam,Deuterium dilution study in Mali,"Body composition in poorly nourished children aged 6-30 months, followed for 12 weeks after diet supplementation intervention",520,QC completed,Cross Sectional,Nutritional,6,Months,18,Months,MLI,Malnourished infants and toddlers,"Wt, Len, MUAC and fat/fat-free and detailed body composition at 2 study time points",0,1,0,1,1,1,0,1,
MICS-MMR-2000,,,MICS Myanmar 2000,"MICS Myanmar 2000, survey",51568,MPC,Survey,,,,,,MMR,,Yes,0,1,0,1,1,0,1,1,
DHS-MOZ-1997,,,DHS Mozambique 1997,"DHS Mozambique 1997, survey",12901,MPC,Survey,,,,,,MOZ,,Yes,0,1,0,1,1,0,1,1,
DHS-MOZ-2003,,,DHS Mozambique 2003,"DHS Mozambique 2003, survey",22744,MPC,Survey,,,,,,MOZ,,Yes,0,1,0,1,1,0,1,1,
DHS-MOZ-2011,,,DHS Mozambique 2011,"DHS Mozambique 2011, survey",24847,MPC,Survey,,,,,,MOZ,,Yes,0,1,0,1,1,0,1,1,
IPUMS-MOZ-1997,,,IPUMS-International Mozambique 1997,"IPUMS-International Mozambique 1997, census",1551517,MPC,Census,,,,,,MOZ,,Yes,0,1,0,1,1,0,1,1,
IPUMS-MOZ-2007,,,IPUMS-International Mozambique 2007,"IPUMS-International Mozambique 2007, census",2047048,MPC,Census,,,,,,MOZ,,Yes,0,1,0,1,1,0,1,1,
MICS-MOZ-2008,,,MICS Mozambique 2008,"MICS Mozambique 2008, survey",25607,MPC,Survey,,,,,,MOZ,,Yes,0,1,0,1,1,0,1,1,
DHS-MWI-1992,,,DHS Malawi 1992,"DHS Malawi 1992, survey",9344,MPC,Survey,,,,,,MWI,,Yes,0,1,0,1,1,0,1,1,
DHS-MWI-2000,,,DHS Malawi 2000,"DHS Malawi 2000, survey",25146,MPC,Survey,,,,,,MWI,,Yes,0,1,0,1,1,0,1,1,
DHS-MWI-2004,,,DHS Malawi 2004,"DHS Malawi 2004, survey",22612,MPC,Survey,,,,,,MWI,,Yes,0,1,0,1,1,0,1,1,
DHS-MWI-2010,,,DHS Malawi 2010,"DHS Malawi 2010, survey",42987,MPC,Survey,,,,,,MWI,,Yes,0,1,0,1,1,0,1,1,
IPUMS-MWI-1987,,,IPUMS-International Malawi 1987,"IPUMS-International Malawi 1987, census",798669,MPC,Census,,,,,,MWI,,Yes,0,1,0,1,1,0,1,1,
IPUMS-MWI-1998,,,IPUMS-International Malawi 1998,"IPUMS-International Malawi 1998, census",991393,MPC,Census,,,,,,MWI,,Yes,0,1,0,1,1,0,1,1,
IPUMS-MWI-2008,,,IPUMS-International Malawi 2008,"IPUMS-International Malawi 2008, census",1341977,MPC,Census,,,,,,MWI,,Yes,0,1,0,1,1,0,1,1,
MICS-MWI-2006,,,MICS Malawi 2006,"MICS Malawi 2006, survey",50311,MPC,Survey,,,,,,MWI,,Yes,0,1,0,1,1,0,1,1,
MICS-MWI-2013,,,MICS Malawi 2013-14,"MICS Malawi 2013-14, survey",44715,MPC,Survey,,,,,,MWI,,Yes,0,1,0,1,1,0,1,1,
LCNI-5,LCN5,lcn5,Lungwena Child Nutrition Intervention Study 5,"A single-centre, randomised, single-blind, parallel group clinical trial in rural Malawi, testing the growth promoting effect of long-term complementary feeding of infants with a high-energy, micronutrient fortified spread",840,QC completed,Longitudinal,Nutritional,6,Months,6,Months,MWI,"Rural infants aged 6 mo, without severe stunting (HAZ < -2.8), in Mangochi district","Ht, Wt, MUAC quarterly from age 6-24 months, then 2x/ year to age 36 months",1,1,1,1,1,1,1,1,1
iLiNS-DOSE,ILND,ilnd,iLiNS-DOSE,"Randomised controlled trial of growth effects of long-term complementary feeding of infants with different doses and formulations of high-energy, micronutrient fortified lipid-based nutrient supplements (LNS)",1932,QC completed,Longitudinal,Nutritional,0,Days,4,Years,MWI,Rural children,"WT, LEN, HCIR and MUAC every 6 months",1,1,1,1,1,1,1,1,0
iLiNS-DYAD-M,ILDM,ildm,iLiNS-DYAD-M,"Supplementing maternal and infant diet with high-energy, micronutrient fortified Lipid-based Nutrient Supplements (LNS)",1246,QC completed,Longitudinal,Nutritional,-42,Weeks,-22,Weeks,MWI,Women with neonates,"Wt, Len, HCIR and MUAC",1,1,1,1,1,0,1,1,0
DHS-NER-1992,,,DHS Niger 1992,"DHS Niger 1992, survey",13402,MPC,Survey,,,,,,NER,,Yes,0,1,0,1,1,0,1,1,
DHS-NER-1998,,,DHS Niger 1998,"DHS Niger 1998, survey",12375,MPC,Survey,,,,,,NER,,Yes,0,1,0,1,1,0,1,1,
DHS-NER-2006,,,DHS Niger 2006,"DHS Niger 2006, survey",18416,MPC,Survey,,,,,,NER,,Yes,0,1,0,1,1,0,1,1,
DHS-NER-2012,,,DHS Niger 2012,"DHS Niger 2012, survey",23718,MPC,Survey,,,,,,NER,,Yes,0,1,0,1,1,0,1,1,
MICS-NER-2000,,,MICS Niger 2000,"MICS Niger 2000, survey",10918,MPC,Survey,,,,,,NER,,Yes,0,1,0,1,1,0,1,1,
DHS-NGA-1990,,,DHS Nigeria 1990,"DHS Nigeria 1990, survey",16683,MPC,Survey,,,,,,NGA,,Yes,0,1,0,1,1,0,1,1,
DHS-NGA-1999,,,DHS Nigeria 1999,"DHS Nigeria 1999, survey",13362,MPC,Survey,,,,,,NGA,,Yes,0,1,0,1,1,0,1,1,
DHS-NGA-2003,,,DHS Nigeria 2003,"DHS Nigeria 2003, survey",13649,MPC,Survey,,,,,,NGA,,Yes,0,1,0,1,1,0,1,1,
DHS-NGA-2008,,,DHS Nigeria 2008,"DHS Nigeria 2008, survey",62032,MPC,Survey,,,,,,NGA,,Yes,0,1,0,1,1,0,1,1,
DHS-NGA-2013,,,DHS Nigeria 2013,"DHS Nigeria 2013, survey",70430,MPC,Survey,,,,,,NGA,,Yes,0,1,0,1,1,0,1,1,
IPUMS-NGA-2006,,,IPUMS-International Nigeria 2006-07,"IPUMS-International Nigeria 2006-07, household survey",83700,MPC,Survey,,,,,,NGA,,Yes,0,1,0,1,1,0,1,1,
IPUMS-NGA-2007,,,IPUMS-International Nigeria 2007-08,"IPUMS-International Nigeria 2007-08, household survey",85183,MPC,Survey,,,,,,NGA,,Yes,0,1,0,1,1,0,1,1,
IPUMS-NGA-2008,,,IPUMS-International Nigeria 2008-09,"IPUMS-International Nigeria 2008-09, household survey",107425,MPC,Survey,,,,,,NGA,,Yes,0,1,0,1,1,0,1,1,
IPUMS-NGA-2009,,,IPUMS-International Nigeria 2009-10,"IPUMS-International Nigeria 2009-10, household survey",77896,MPC,Survey,,,,,,NGA,,Yes,0,1,0,1,1,0,1,1,
IPUMS-NGA-2010,,,IPUMS-International Nigeria 2010-11,"IPUMS-International Nigeria 2010-11, household survey",72191,MPC,Survey,,,,,,NGA,,Yes,0,1,0,1,1,0,1,1,
MICS-NGA-2007,,,MICS Nigeria 2007,"MICS Nigeria 2007, survey",44186,MPC,Survey,,,,,,NGA,,Yes,0,1,0,1,1,0,1,1,
MICS-NGA-2011,,,MICS Nigeria 2011,"MICS Nigeria 2011, survey",59717,MPC,Survey,,,,,,NGA,,Yes,0,1,0,1,1,0,1,1,
Dutch Famine,DFBC,dfbc,Dutch Famine Birth Cohort,Dutch Famine birth cohort,2414,QC completed,Longitudinal,No Intervention,0,Days,0,Days,NLD,"Liveborn singletons born in Wilhelmina Gasthuis, Amsterdam","Weight, Length, HC and placental size at birth",0,1,1,0,1,1,1,1,
DutchGrowth1980,DG80,dg80,"Dutch Growth Study, 1980","Dutch Growth Study, 1980",47564,QC completed,Cross Sectional,No Intervention,1,Weeks,19,Years,NLD,Children aged 0-19 y,"Ht/Len, Wt, Head Circ, Tanner stage of puberty",0,1,0,0,1,1,1,1,
DutchGrowth1997,DG97,dg97,"Dutch Growth Study, 1997","Dutch Growth Study, 1997",20572,QC completed,Cross Sectional,No Intervention,1,Weeks,19,Years,NLD,Children aged 0-19 y,"Ht/Len, Wt, Head Circ, Tanner stage of puberty",0,1,0,0,1,1,1,1,
DutchGrowth2010,DG10,dg10,"Dutch Growth Study, 2010","Dutch Growth Study, 2010",20867,QC completed,Cross Sectional,No Intervention,1,Weeks,19,Years,NLD,Children aged 0-19 y,"Ht/Len, Wt, Hip & Waist Circ, Tanner stage of puberty",0,1,0,0,1,1,1,1,
POPS,POPS,pops,Project On Preterm and SGA Infants 1983,Project On Preterm and Small for Gestational Age Infants,1338,QC completed,Longitudinal,No Intervention,0,Days,0,Days,NLD,Children,At 4 visits during the first 2-3 years of life,0,1,1,0,1,1,1,1,
SMOCC,SMCC,smcc,Social Medical Survey of Children attending Child health Clinics,Social Medical Survey of Children attending Child health Clinics,2151,QC completed,Longitudinal,No Intervention,0,Days,0,Days,NLD,Children aged 0-2 y,"Len, Wt, HeadCir at ages 1, 2, 3, 6, 9,12, 18 and 24 months",0,1,1,0,1,1,1,1,
DHS-NPL-1996,,,DHS Nepal 1996,"DHS Nepal 1996, survey",12846,MPC,Survey,,,,,,NPL,,Yes,0,1,0,1,1,0,1,1,
DHS-NPL-2001,,,DHS Nepal 2001,"DHS Nepal 2001, survey",15657,MPC,Survey,,,,,,NPL,,Yes,0,1,0,1,1,0,1,1,
DHS-NPL-2006,,,DHS Nepal 2006,"DHS Nepal 2006, survey",16576,MPC,Survey,,,,,,NPL,,Yes,0,1,0,1,1,0,1,1,
DHS-NPL-2011,,,DHS Nepal 2011,"DHS Nepal 2011, survey",17980,MPC,Survey,,,,,,NPL,,Yes,0,1,0,1,1,0,1,1,
MICS-NPL-2010,,,MICS Nepal 2010,"MICS Nepal 2010, survey",11362,MPC,Survey,,,,,,NPL,,Yes,0,1,0,1,1,0,1,1,
MICS-NPL-2014,,,MICS Nepal 2014,"MICS Nepal 2014, survey",20599,MPC,Survey,,,,,,NPL,,Yes,0,1,0,1,1,0,1,1,
GMS-Nepal,GMSN,gmsn,"Growth Monitoring Study, Nepal",Monthly monitoring of newborn infants in Dhanusha district through age 24 or 25 mo,699,QC completed,Longitudinal,No Intervention,0,Days,3,Days,NPL,Newborns in Dhanusha Distrtict,Len and Wt monthly  through age 12 months,1,1,1,1,1,1,1,1,1
DHS-PAK-1991,,,DHS Pakistan 1991,"DHS Pakistan 1991, survey",13039,MPC,Survey,,,,,,PAK,,Yes,0,1,0,1,1,0,1,1,
DHS-PAK-2012,,,DHS Pakistan 2012,"DHS Pakistan 2012, survey",25321,MPC,Survey,,,,,,PAK,,Yes,0,1,0,1,1,0,1,1,
IPUMS-PAK-1973,,,IPUMS-International Pakistan 1973,"IPUMS-International Pakistan 1973, census",1453332,MPC,Census,,,,,,PAK,,Yes,0,1,0,1,1,0,1,1,
IPUMS-PAK-1981,,,IPUMS-International Pakistan 1981,"IPUMS-International Pakistan 1981, census",8433058,MPC,Census,,,,,,PAK,,Yes,0,1,0,1,1,0,1,1,
IPUMS-PAK-1998,,,IPUMS-International Pakistan 1998,"IPUMS-International Pakistan 1998, census",13102024,MPC,Census,,,,,,PAK,,Yes,0,1,0,1,1,0,1,1,
MICS-PAK-2010,,,MICS Pakistan 2010,"MICS Pakistan 2010, survey",29390,MPC,Survey,,,,,,PAK,,Yes,0,1,0,1,1,0,1,1,
MICS-PAK-2011,,,MICS Pakistan 2011,"MICS Pakistan 2011, survey",224940,MPC,Survey,,,,,,PAK,,Yes,0,1,0,1,1,0,1,1,
MICS-PAK-2014,,,MICS Pakistan 2014,"MICS Pakistan 2014, survey",81163,MPC,Survey,,,,,,PAK,,Yes,0,1,0,1,1,0,1,1,
AgaKhanUniv,AKUP,akup,Aga Khan University Nutrition Intervention Study,Scaling up evidence-based nutrition interventions to address maternal and child health outcomes in rural Sindh,1769,QC completed,Longitudinal,Nutritional,0,Years,2,Years,PAK,Children in rural Sindh province,"Yes (at baseline, 6, 12, 18 and 24 months)",1,1,1,1,1,1,1,1,0
EE,EE,ee,Study of Biomarkers for Environmental Enteropathy,"Monthly anthropometry since birth, daily symptoms, and biomarkers for environmental enteropathy in blood, urine, and stool",380,QC completed,Longitudinal,No Intervention,0,Days,19,Days,PAK,Community based cohort of children aged 6 and 9 mo in rural Matiari District,"Ht, Wt, MUAC monthly for 12-14 months",1,1,1,1,1,1,1,1,1
Grip,Grip,grip,"LRTI, RSV and Influenza Cohort Study",Cohort study of children with lower respiratory tract infection associated with respiratory syncytial virus or influenza virus,203,QC completed,Longitudinal,No Intervention,0,Days,5,Years,PAK,"Children aged < 5 y in Ali Akber Shah goth, Karachi, with lower respiratory tract infection",Ht & Wt  monthly for 6-12 months,0,1,1,1,1,1,0,1,
ResPak,Rspk,rspk,Respiratory Pathogens Birth Cohort,Characterization of endemic respiratory pathogens in urban pregnant women and newborns,278,QC completed,Longitudinal,No Intervention,0,Days,0,Days,PAK,Birth cohort in Karachi,Ht & Wt  monthly for 12-18 months,1,1,1,1,1,1,1,1,1
DHS-PER-1991,,,DHS Peru 1991,"DHS Peru 1991, survey",25244,MPC,Survey,,,,,,PER,,Yes,0,1,0,1,1,0,1,1,
DHS-PER-1996,,,DHS Peru 1996,"DHS Peru 1996, survey",46500,MPC,Survey,,,,,,PER,,Yes,0,1,0,1,1,0,1,1,
DHS-PER-2000,,,DHS Peru 2000,"DHS Peru 2000, survey",41540,MPC,Survey,,,,,,PER,,Yes,0,1,0,1,1,0,1,1,
DHS-PER-2006,,,DHS Peru 2006,"DHS Peru 2006, survey",58837,MPC,Survey,,,,,,PER,,Yes,0,1,0,1,1,0,1,1,
DHS-PER-2010,,,DHS Peru 2010,"DHS Peru 2010, survey",32228,MPC,Survey,,,,,,PER,,Yes,0,1,0,1,1,0,1,1,
DHS-PER-2011,,,DHS Peru 2011,"DHS Peru 2011, survey",31663,MPC,Survey,,,,,,PER,,Yes,0,1,0,1,1,0,1,1,
DHS-PER-2012,,,DHS Peru 2012,"DHS Peru 2012, survey",33508,MPC,Survey,,,,,,PER,,Yes,0,1,0,1,1,0,1,1,
IPUMS-PER-1993,,,IPUMS-International Peru 1993,"IPUMS-International Peru 1993, census",2206424,MPC,Census,,,,,,PER,,Yes,0,1,0,1,1,0,1,1,
IPUMS-PER-2007,,,IPUMS-International Peru 2007,"IPUMS-International Peru 2007, census",2745895,MPC,Census,,,,,,PER,,Yes,0,1,0,1,1,0,1,1,
CONTENT,CNTT,cntt,Eval. of Neglected Enteric Infections,"Study of growth, diarrhea, and socioeconomic status",215,QC completed,Longitudinal,No Intervention,0,Days,90,Days,PER,Birth cohort of children followed to age 4 y,Ht & Wt every 1-2 weeks for 1-2 years,1,1,1,1,1,1,1,1,1
Peru Huascar,PHua,phua,Infant Growth in Peru,Longitudinal study of growth and morbidity in infants,153,QC completed,Longitudinal,No Intervention,0,Days,0,Days,PER,"Birth cohort in poor, periurban Lima","Ht, Wt, MUAC and HCir monthly for 12 months, then quarterly for another year in a subset",0,1,1,1,0,1,1,1,
Peru PersistDiarrhea,PPD,ppd,Peru Persistent Diarrhea,"Randomized, community-based trial of the effect of zinc supplementation, with and without other micronutrients, on the duration of persistent childhood diarrhea",412,QC completed,Longitudinal,Nutritional,0,Days,0,Days,PER,Children in Lima with persistent diarrhea,"WT, HT, MUAC",0,1,1,1,1,1,0,1,
Peru Zn,PZn,pzn,Peru Zn Fortification,Zinc fortification study,302,QC completed,Longitudinal,Nutritional,0,Days,0,Days,PER,"Children at high risk of zinc deficiency, but not acutely malnourished, in poor, periurban Trujillo (LAZ < -0.5; WHZ > -3; hemoglobin > 8.0 g/dL)","Ht, Wt at 3 time points over 6 months.
Metabolic substudy in ~150 patients:  MUAC, FFM, FM, plasma gherlin, glucose, insulin, leptin.",0,1,1,1,1,1,0,1,
CMIN,CMIN,cmin,Child Malnutrition and Infection Network,7 longitudinal cohort studies of early childhood in low- and middle-income countries,3126,QC completed,Longitudinal,No Intervention,0,Months,24,Months,"PER, BRA, GNB, BGD",7 longitudinal infant cohorts,Ht & Wt every 1-4 months for 1-3 years,1,1,1,1,1,1,1,1,1
DHS-PHL-1993,,,DHS Philippines 1993,"DHS Philippines 1993, survey",24224,MPC,Survey,,,,,,PHL,,Yes,0,1,0,1,1,0,1,1,
DHS-PHL-1998,,,DHS Philippines 1998,"DHS Philippines 1998, survey",22066,MPC,Survey,,,,,,PHL,,Yes,0,1,0,1,1,0,1,1,
DHS-PHL-2003,,,DHS Philippines 2003,"DHS Philippines 2003, survey",20778,MPC,Survey,,,,,,PHL,,Yes,0,1,0,1,1,0,1,1,
DHS-PHL-2008,,,DHS Philippines 2008,"DHS Philippines 2008, survey",20166,MPC,Survey,,,,,,PHL,,Yes,0,1,0,1,1,0,1,1,
DHS-PHL-2013,,,DHS Philippines 2013,"DHS Philippines 2013, survey",23909,MPC,Survey,,,,,,PHL,,Yes,0,1,0,1,1,0,1,1,
MICS-PHL-1999,,,MICS Philippines 1999,"MICS Philippines 1999, survey",16164,MPC,Survey,,,,,,PHL,,Yes,0,1,0,1,1,0,1,1,
DHS-RWA-1992,,,DHS Rwanda 1992,"DHS Rwanda 1992, survey",12061,MPC,Survey,,,,,,RWA,,Yes,0,1,0,1,1,0,1,1,
DHS-RWA-2000,,,DHS Rwanda 2000,"DHS Rwanda 2000, survey",18343,MPC,Survey,,,,,,RWA,,Yes,0,1,0,1,1,0,1,1,
DHS-RWA-2005,,,DHS Rwanda 2005,"DHS Rwanda 2005, survey",19970,MPC,Survey,,,,,,RWA,,Yes,0,1,0,1,1,0,1,1,
DHS-RWA-2010,,,DHS Rwanda 2010,"DHS Rwanda 2010, survey",22673,MPC,Survey,,,,,,RWA,,Yes,0,1,0,1,1,0,1,1,
IPUMS-RWA-1991,,,IPUMS-International Rwanda 1991,"IPUMS-International Rwanda 1991, census",742918,MPC,Census,,,,,,RWA,,Yes,0,1,0,1,1,0,1,1,
IPUMS-RWA-2002,,,IPUMS-International Rwanda 2002,"IPUMS-International Rwanda 2002, census",843392,MPC,Census,,,,,,RWA,,Yes,0,1,0,1,1,0,1,1,
MICS-RWA-2000,,,MICS Rwanda 2000,"MICS Rwanda 2000, survey",3902,MPC,Survey,,,,,,RWA,,Yes,0,1,0,1,1,0,1,1,
DHS-SDN-1989,,,DHS Sudan 1989-90,"DHS Sudan 1989-90, survey",12504,MPC,Survey,,,,,,SDN,,Yes,0,1,0,1,1,0,1,1,
IPUMS-SDN-2008,,,IPUMS-International Sudan 2008,"IPUMS-International Sudan 2008, census",5066530,MPC,Census,,,,,,SDN,,Yes,0,1,0,1,1,0,1,1,
MICS-SDN-2000,,,MICS Sudan 2000,"MICS Sudan 2000, survey",46241,MPC,Survey,,,,,,SDN,,Yes,0,1,0,1,1,0,1,1,
MICS-SDN-2010,,,MICS Sudan 2010,"MICS Sudan 2010, survey",32471,MPC,Survey,,,,,,SDN,,Yes,0,1,0,1,1,0,1,1,
GUSTO,GSTO,gsto,GUSTO,Growing Up in Singapore Towards Healthy Outcomes,1171,QC completed,Longitudinal,No Intervention,-28,Weeks,0,Days,SGP,Birth cohort,"Ht, Wt, Hcir, Abd Cir, limb sizes",0,1,1,0,1,0,1,1,
IPUMS-SSD-2008,,,IPUMS-International South Sudan 2008,"IPUMS-International South Sudan 2008, census",542765,MPC,Census,,,,,,SSD,,Yes,0,1,0,1,1,0,1,1,
MICS-SSD-2010,,,MICS South Sudan 2010,"MICS South Sudan 2010, survey",21608,MPC,Survey,,,,,,SSD,,Yes,0,1,0,1,1,0,1,1,
DHS-TCD-1996,,,DHS Chad 1996,"DHS Chad 1996, survey",14862,MPC,Survey,,,,,,TCD,,Yes,0,1,0,1,1,0,1,1,
DHS-TCD-2004,,,DHS Chad 2004,"DHS Chad 2004, survey",11720,MPC,Survey,,,,,,TCD,,Yes,0,1,0,1,1,0,1,1,
MICS-TCD-2000,,,MICS Chad 2000,"MICS Chad 2000, survey",11289,MPC,Survey,,,,,,TCD,,Yes,0,1,0,1,1,0,1,1,
MICS-TCD-2010,,,MICS Chad 2010,"MICS Chad 2010, survey",35801,MPC,Survey,,,,,,TCD,,Yes,0,1,0,1,1,0,1,1,
DHS-TUR-1993,,,DHS Turkey 1993,"DHS Turkey 1993, survey",10243,MPC,Survey,,,,,,TUR,,Yes,0,1,0,1,1,0,1,1,
DHS-TUR-1998,,,DHS Turkey 1998,"DHS Turkey 1998, survey",12141,MPC,Survey,,,,,,TUR,,Yes,0,1,0,1,1,0,1,1,
DHS-TUR-2003,,,DHS Turkey 2003,"DHS Turkey 2003, survey",12608,MPC,Survey,,,,,,TUR,,Yes,0,1,0,1,1,0,1,1,
IPUMS-TUR-1985,,,IPUMS-International Turkey 1985,"IPUMS-International Turkey 1985, census",2554364,MPC,Census,,,,,,TUR,,Yes,0,1,0,1,1,0,1,1,
IPUMS-TUR-1990,,,IPUMS-International Turkey 1990,"IPUMS-International Turkey 1990, census",2864207,MPC,Census,,,,,,TUR,,Yes,0,1,0,1,1,0,1,1,
IPUMS-TUR-2000,,,IPUMS-International Turkey 2000,"IPUMS-International Turkey 2000, census",3444456,MPC,Census,,,,,,TUR,,Yes,0,1,0,1,1,0,1,1,
DHS-TZA-1991,,,DHS Tanzania 1991,"DHS Tanzania 1991, survey",17376,MPC,Survey,,,,,,TZA,,Yes,0,1,0,1,1,0,1,1,
DHS-TZA-1996,,,DHS Tanzania 1996,"DHS Tanzania 1996, survey",14909,MPC,Survey,,,,,,TZA,,Yes,0,1,0,1,1,0,1,1,
DHS-TZA-1999,,,DHS Tanzania 1999,"DHS Tanzania 1999, survey",7244,MPC,Survey,,,,,,TZA,,Yes,0,1,0,1,1,0,1,1,
DHS-TZA-2004,,,DHS Tanzania 2004,"DHS Tanzania 2004, survey",18893,MPC,Survey,,,,,,TZA,,Yes,0,1,0,1,1,0,1,1,
DHS-TZA-2010,,,DHS Tanzania 2010,"DHS Tanzania 2010, survey",18162,MPC,Survey,,,,,,TZA,,Yes,0,1,0,1,1,0,1,1,
IPUMS-TZA-1988,,,IPUMS-International Tanzania 1988,"IPUMS-International Tanzania 1988, census",2310424,MPC,Census,,,,,,TZA,,Yes,0,1,0,1,1,0,1,1,
IPUMS-TZA-2002,,,IPUMS-International Tanzania 2002,"IPUMS-International Tanzania 2002, census",3732735,MPC,Census,,,,,,TZA,,Yes,0,1,0,1,1,0,1,1,
TanzaniaChild2,TZC2,tzc2,Tanzania Child 2,Zinc and micronutrients,2400,QC completed,Longitudinal,Nutritional,0,Days,12,Weeks,TZA,Infants born to HIV-negative women,Ht & Wt monthly through Month 18,1,1,1,1,1,1,1,1,1
DHS-UGA-1988,,,DHS Uganda 1988,"DHS Uganda 1988, survey",9689,MPC,Survey,,,,,,UGA,,Yes,0,1,0,1,1,0,1,1,
DHS-UGA-1995,,,DHS Uganda 1995,"DHS Uganda 1995, survey",12826,MPC,Survey,,,,,,UGA,,Yes,0,1,0,1,1,0,1,1,
DHS-UGA-2001,,,DHS Uganda 2001,"DHS Uganda 2001, survey",14359,MPC,Survey,,,,,,UGA,,Yes,0,1,0,1,1,0,1,1,
DHS-UGA-2006,,,DHS Uganda 2006,"DHS Uganda 2006, survey",16900,MPC,Survey,,,,,,UGA,,Yes,0,1,0,1,1,0,1,1,
DHS-UGA-2011,,,DHS Uganda 2011,"DHS Uganda 2011, survey",16552,MPC,Survey,,,,,,UGA,,Yes,0,1,0,1,1,0,1,1,
IPUMS-UGA-1991,,,IPUMS-International Uganda 1991,"IPUMS-International Uganda 1991, census",1548460,MPC,Census,,,,,,UGA,,Yes,0,1,0,1,1,0,1,1,
IPUMS-UGA-2002,,,IPUMS-International Uganda 2002,"IPUMS-International Uganda 2002, census",2497449,MPC,Census,,,,,,UGA,,Yes,0,1,0,1,1,0,1,1,
BAMBAM,BMBM,bmbm,Brain Myelination in Children,Brain myelination and cognitive development in children,406,QC completed,Longitudinal,No Intervention,3,Months,12,Years,USA,Rhode Island children aged 3 mo - 12y,"WT, HT, HCIR data from 3 months to 12 years (varies from subject to subject)",0,1,1,0,1,1,1,1,
Bogalusa,BGLU,bglu,Bogalusa Heart Study,Bogalusa Heart Study,11796,QC completed,Longitudinal,No Intervention,3,Years,37,Years,USA,"Infants, children, and adults in Bogalusa, Louisiana","height, weight, skinfold, blood pressure, physical exam, bmi",0,1,1,0,1,0,1,1,
CANDLE,CNDL,cndl,CANDLE Study,Systems dynamics modeling of growth in children,1463,QC completed,Cross Sectional,No Intervention,9,Months,15,Months,USA,"Infants from Memphis, Tennessee",None,0,0,0,0,1,1,1,1,
CPP4674,CPP4,cpp4,Collaborative Perinatal Project,Collaborative Perinatal Project birth cohort,59391,QC completed,Longitudinal,No Intervention,0,Days,0,Days,USA,Multisite birth cohort,"Ht & Wt at birth, Yr 1, Y4 & Yr 7.  Also HCir at Yr 7.",0,1,1,0,1,1,1,1,
Detroit-Longitudinal,DTWL,dtwl,Detroit Longitudinal Cohort,Effects of moderate to heavy prenatal alcohol exposure on Bayley scale in African-American infants,482,QC completed,Longitudinal,No Intervention,0,Days,18,Years,USA,African-American infants in Detroit with moderate to heavy prenatal alcohol exposure,"Wt, Len and HCIR at birth, 6 and 13 months",0,1,1,0,1,1,1,1,
Fels,Fels,fels,The Fels Longitudinal Study,"Multigenerational, longitudinal study of growth and health outcomes",2682,QC completed,Longitudinal,No Intervention,0,Days,120,Years,USA,"Multigenerational birth cohort in Dayton, Ohio","Ht, Wt, TSFT, MUAC, many other body size measurements, bone density",0,1,1,0,1,1,1,1,
HealthyStart,HLTS,hlts,Healthy Start Study,"Longitudinal epidemiological study of metabolic and behavioral factors during pregnancy that cause obesity, insulin resistance, and abnormal inflammatory markers in offspring",1410,QC completed,Longitudinal,No Intervention,-31,Weeks,-6,Weeks,USA,"Ethnically diverse pregnant women in Denver, Colorado","WT, LEN, BMI, Fat mass, Fat free mass",0,1,1,0,1,0,1,1,
MANA-2.0,MAN2,man2,Midwives Alliance of North America Statistics Registry,Midwives Alliance of North America statistics registry of planned homebirths or birth center births,20786,QC completed,Cross Sectional,No Intervention,0,Days,0,Days,USA,Children born at home or birth centers with the assistance of midwives participating in the Midwives Alliance of North America Statistics Registry,"Mother's height, mother's prepregnancy weight, mother's pre-gravid BMI; birth weight in grams",0,0,0,0,1,1,1,1,
MANA-3.0,MAN3,man3,Midwives Alliance of North America Statistics Registry,Midwives Alliance of North America statistics registry of planned homebirths or birth center births,12486,QC completed,Cross Sectional,No Intervention,0,Days,0,Days,USA,Children born at home or birth centers with the assistance of midwives participating in the Midwives Alliance of North America Statistics Registry,"Mother's height, mother's prepregnancy weight, mother's pre-gravid BMI; birth weight in grams",0,0,0,0,1,1,1,1,
MANA-4.0,MAN4,man4,Midwives Alliance of North America Statistics Registry,Midwives Alliance of North America statistics registry of planned homebirths or birth center births,67681,QC completed,Cross Sectional,No Intervention,0,Days,0,Days,USA,Children born at home or birth centers with the assistance of midwives participating in the Midwives Alliance of North America Statistics Registry,"Mother's height, mother's prepregnancy weight, mother's pre-gravid BMI; birth weight in grams",0,0,0,0,1,1,1,1,
NHANES-1999-00,HN99,hn99,"NHANES, 1999-2000","National Health and Nutrition Examination Study, 1999-2000",9965,QC completed,Cross Sectional,No Intervention,0,Days,0,Days,USA,Population aged 0-85 y,"Ht, Wt, Hcir, MUAC, TSFT, SSFT",0,1,0,0,1,1,1,1,
NHANES-2001-02,HN01,hn01,"NHANES, 2001-02","National Health and Nutrition Examination Study, 2001-2002",11039,QC completed,Cross Sectional,No Intervention,0,Days,0,Days,USA,Population aged 0-85 y,"Ht, Wt, Hcir, MUAC, TSFT, SSFT",0,1,0,0,1,1,1,1,
NHANES-2003-04,HN03,hn03,"NHANES, 2003-04","National Health and Nutrition Examination Study, 2003-2004",10122,QC completed,Cross Sectional,No Intervention,0,Days,0,Days,USA,Population aged 0-85 y,"Ht, Wt, Hcir, MUAC, TSFT, SSFT",0,1,0,0,1,1,1,1,
NHANES-2005-06,HN05,hn05,"NHANES, 2005-06","National Health and Nutrition Examination Study, 2005-2006",10348,QC completed,Cross Sectional,No Intervention,0,Days,0,Days,USA,Population aged 0-85 y,"Ht, Wt, Hcir, MUAC, TSFT, SSFT",0,1,0,0,1,1,1,1,
NHANES-2007-08,HN07,hn07,"NHANES, 2007-08","National Health and Nutrition Examination Study, 2007-2008",10149,QC completed,Cross Sectional,No Intervention,0,Days,0,Days,USA,Population aged 0-85 y,"Ht, Wt, Hcir, MUAC, TSFT, SSFT",0,1,0,0,1,1,1,1,
NHANES-2009-10,HN09,hn09,"NHANES, 2009-10","National Health and Nutrition Examination Study, 2009-2010",10537,QC completed,Cross Sectional,No Intervention,0,Days,0,Days,USA,Population aged 0-85 y,"Ht, Wt, Hcir, MUAC, TSFT, SSFT",0,1,0,0,1,1,1,1,
NHANES-2011-12,HN11,hn11,"NHANES, 2011-12","National Health and Nutrition Examination Study, 2011-2012",9756,QC completed,Cross Sectional,No Intervention,0,Days,0,Days,USA,Population aged 0-85 y,"Ht, Wt, Hcir, MUAC, TSFT, SSFT",0,1,0,0,1,1,1,1,
NHLBI-DISC,DISC,disc,Dietary Intervention Study in Children,Multicenter prospective study: efficacy and safety of a lipid-lowering diet in children aged 8 to 10 years with moderately elevated low-density lipoprotein cholesterol (LDL-C) levels,663,QC completed,Longitudinal,Nutritional,9,Years,10,Years,USA,Children,"Height, weight, blood pressure, etc",0,1,1,0,1,0,1,1,
NHLBI-GHS,NGHS,nghs,NHLBI Growth and Health Study,Observational study: risk factors associated with obesity and cardiovascular disease in African-American and white girls,2379,QC completed,Longitudinal,No Intervention,9,Years,11,Years,USA,Adolescent girls,"Height, weight, blood pressure, etc",0,1,1,0,1,0,1,1,
NHLBI-TAAG,TAAG,taag,Trials of Activity in Adolescent Girls,"Multicenter, group-randomized trial of schools: interventions to reduce the decline in moderate-to-vigorous physical activity in middle school girls",11985,QC completed,Longitudinal,Behavioral,10,Years,16,Years,USA,Adolescent girls,"Height, weight, blood pressure, etc",0,1,1,0,1,0,1,1,
NICHD-FGS,FGS,fgs,NICHD Fetal Growth Study,Observational epidemiologic study of ultrasonography in low-risk pregnant women to measure fetal growth,2334,QC completed,Longitudinal,No Intervention,-39,Weeks,1,Days,USA,Women with low-risk pregnancies excluding obese and twin cohorts; 5 ultrasonography measurements per pregnancy,Ultrasound at 5 time points,0,0,1,0,1,1,1,1,
NPIC,NPIC,npic,National Perinatal Information Center,National Perinatal Information Center,1583358,QC completed,Cross Sectional,No Intervention,0,Days,28,Days,USA,Neonates,Birth weight,0,1,0,0,1,1,1,1,
PEDIATRIX,PDRX,pdrx,PEDIATRIX Clinical Datawarehouse,Registry of births in the PEDIATRIX Clinical Data Warehouse,1072682,QC completed,Cross Sectional,No Intervention,0,Days,0,Days,USA,Newborns admitted to the neonatal intensive care unit and followed through hospital discharge,"Len, Wt",0,1,0,0,1,1,0,1,
UMN-Amplatz,UMA,uma,University of Minnesota Amplatz Study,"Growth, body composition changes, nutrition, illness, and cognition in very low birth weight (VLBW) preterm infants",56,QC completed,Longitudinal,No Intervention,0,Days,24,Months,USA,Very low birth weight preterm infants from age 0-24 mo,Body Composition Data,0,1,1,0,0,1,0,1,
UMN-MINNoWS,UMI,umi,University of Minnesota MINNOWS Study,"Growth, body composition, and cognition in preschool children who were preterm or term infants",100,QC completed,Longitudinal,No Intervention,3,Years,4,Years,USA,Preschool children,Body Composition Data,0,1,1,0,0,0,1,1,
UMN-MOD,UMM,umm,University of Minnesota MOD Study,Effects of illness and nutrition on growth and cognition of preterm infants,47,QC completed,Longitudinal,No Intervention,0,Days,48,Months,USA,Very low birth weight preterm infants,Body Composition Data,0,1,1,0,0,1,0,1,
UMN-NORM,UMN,umn,University of Minnesota NORM Study,"Body composition in preterm infants: means, standard deviations, and sex and ethnic differences",170,QC completed,Longitudinal,No Intervention,0,Days,60,Days,USA,Preterm infants with gestational age at birth 30 to 36 wk,Body Composition Data,0,1,1,0,0,1,0,1,
USCDC-NHIS,NHIS,nhis,USCDC NHIS,National Health Interview Survey,13275,QC completed,Cross Sectional,No Intervention,0,Days,0,Days,USA,Children,"Wt, Ht, birth wt,",0,1,0,0,1,1,1,1,
USHHS-NPHS-DrugUseLiveBirths,DULB,dulb,NPHS: Drug Use Live Births,National Pregnancy and Health Survey: drug use in women delivering live births,3386,QC completed,Survey,No Intervention,0,Days,0,Days,USA,Mothers and infants,"height, weight, blood pressure, etc",0,1,0,0,1,1,1,1,
Princeton-FFCWS,FFCW,ffcw,Fragile Families and Child Wellbeing Study,Fragile Families and Child Wellbeing Study,4898,Raw Data Received,Survey,No Intervention,0,Days,0,Days,USA,"Mothers, fathers, and infants","Height, weight, blood pressure, etc",0,1,0,0,1,1,1,1,
USDA-WIC-02,WIC2,wic2,USDA WIC,"Women, Infants and Children Nutritional Program",59999,Raw Data Received,Cross Sectional,No Intervention,0,Months,5,Years,USA,Women & children in WIC program,Child weight,0,1,0,0,1,1,1,1,
USDA-WIC-04,WIC4,wic4,USDA WIC,"Women, Infants and Children Nutritional Program",59994,Raw Data Received,Cross Sectional,No Intervention,0,Months,5,Years,USA,Women & children in WIC program,Child weight,0,1,0,0,1,1,1,1,
USDA-WIC-06,WIC6,wic6,USDA WIC,"Women, Infants and Children Nutritional Program",60001,Raw Data Received,Cross Sectional,No Intervention,0,Months,5,Years,USA,Women & children in WIC program,Child weight,0,1,0,0,1,1,1,1,
USDA-WIC-08,WIC8,wic8,USDA WIC,"Women, Infants and Children Nutritional Program",60008,Raw Data Received,Cross Sectional,No Intervention,0,Months,5,Years,USA,Women & children in WIC program,Child weight,0,1,0,0,1,1,1,1,
USDA-WIC-10,WICJ,wicj,USDA WIC,"Women, Infants and Children Nutritional Program",59995,Raw Data Received,Cross Sectional,No Intervention,0,Months,5,Years,USA,Women & children in WIC program,Child weight,0,1,0,0,1,1,1,1,
USDA-WIC-12,WICL,wicl,USDA WIC,"Women, Infants and Children Nutritional Program",59983,Raw Data Received,Cross Sectional,No Intervention,0,Months,5,Years,USA,Women & children in WIC program,Child weight,0,1,0,0,1,1,1,1,
AAP-NSECH,,,National Survey of Early Childhood Health,American Academy of Pediatrics National Survey of Early Childhood Health,2068,Will not be mapped,Cross Sectional,No Intervention,4,Months,35,Months,USA,"Phone survey, nationally representative sample of children aged 4-35 mo",None,0,0,0,0,1,1,1,1,
AFCARS-A,AFCA,afca,AFCARS Adoption,AFCARS adoption files,705795,Will not be mapped,Registry,No Intervention,0,Months,18,Years,USA,Adopted children,None,0,0,0,0,1,1,1,1,
AFCARS-F,AFCF,afcf,AFCARS Foster Care,AFCARS foster care files,4319780,Will not be mapped,Registry,No Intervention,0,Months,18,Years,USA,Children in state foster care systems,None,0,0,0,0,1,0,1,1,
NIMS,NIMS,nims,Nutrition Impact Model Study,Nutrition Impact Model Study,,Will not be mapped,Aggregate,No Intervention,0,Days,0,Days,USA,,None,0,0,0,0,0,1,1,1,
Maya Guatemala USA,MyaG,myag,Maya Guatemala & USA Study,Cross-sectional survey of Maya children and youth in rural highland Guatemala compared to children of Guatemalan migrants in Florida and California,3493,QC completed,Cross Sectional,No Intervention,2,Years,18,Years,"USA, GTM","Maya children and youth in rural highland Guatemala, and children of Guatemalan migrants in Florida and California","Wt, Ht, and in some cases MUAC and TSFT",0,1,0,0,1,1,1,1,
DHS-VNM-1997,,,DHS Vietnam 1997,"DHS Vietnam 1997, survey",7439,MPC,Survey,,,,,,VNM,,Yes,0,1,0,1,1,0,1,1,
DHS-VNM-2002,,,DHS Vietnam 2002,"DHS Vietnam 2002, survey",6982,MPC,Survey,,,,,,VNM,,Yes,0,1,0,1,1,0,1,1,
IPUMS-VNM-1989,,,IPUMS-International Vietnam 1989,"IPUMS-International Vietnam 1989, census",2626985,MPC,Census,,,,,,VNM,,Yes,0,1,0,1,1,0,1,1,
IPUMS-VNM-1999,,,IPUMS-International Vietnam 1999,"IPUMS-International Vietnam 1999, census",2368167,MPC,Census,,,,,,VNM,,Yes,0,1,0,1,1,0,1,1,
IPUMS-VNM-2009,,,IPUMS-International Vietnam 2009,"IPUMS-International Vietnam 2009, census",14177590,MPC,Census,,,,,,VNM,,Yes,0,1,0,1,1,0,1,1,
MICS-VNM-2000,,,MICS Vietnam 2000,"MICS Vietnam 2000, survey",12357,MPC,Survey,,,,,,VNM,,Yes,0,1,0,1,1,0,1,1,
MICS-VNM-2006,,,MICS Vietnam 2006,"MICS Vietnam 2006, survey",12153,MPC,Survey,,,,,,VNM,,Yes,0,1,0,1,1,0,1,1,
MICS-VNM-2010,,,MICS Vietnam 2010-11,"MICS Vietnam 2010-11, survey",15844,MPC,Survey,,,,,,VNM,,Yes,0,1,0,1,1,0,1,1,
MICS-VNM-2013,,,MICS Vietnam 2013-14,"MICS Vietnam 2013-14, survey",18825,MPC,Survey,,,,,,VNM,,Yes,0,1,0,1,1,0,1,1,
DHS-YEM-1991,,,DHS Yemen 1991,"DHS Yemen 1991, survey",13296,MPC,Survey,,,,,,YEM,,Yes,0,1,0,1,1,0,1,1,
DHS-YEM-2013,,,DHS Yemen 2013,"DHS Yemen 2013, survey",41527,MPC,Survey,,,,,,YEM,,Yes,0,1,0,1,1,0,1,1,
MICS-YEM-2006,,,MICS Yemen 2006,"MICS Yemen 2006, survey",7525,MPC,Survey,,,,,,YEM,,Yes,0,1,0,1,1,0,1,1,
DHS-ZAF-1998,,,DHS South Africa 1998,"DHS South Africa 1998, survey",16801,MPC,Survey,,,,,,ZAF,,Yes,0,1,0,1,1,0,1,1,
IPUMS-ZAF-1996,,,IPUMS-International South Africa 1996,"IPUMS-International South Africa 1996, census",3621164,MPC,Census,,,,,,ZAF,,Yes,0,1,0,1,1,0,1,1,
IPUMS-ZAF-2001,,,IPUMS-International South Africa 2001,"IPUMS-International South Africa 2001, census",3725655,MPC,Census,,,,,,ZAF,,Yes,0,1,0,1,1,0,1,1,
IPUMS-ZAF-2007,,,IPUMS-International South Africa 2007,"IPUMS-International South Africa 2007, census",1047657,MPC,Census,,,,,,ZAF,,Yes,0,1,0,1,1,0,1,1,
IPUMS-ZAF-2011,,,IPUMS-International South Africa 2011,"IPUMS-International South Africa 2011, census",4418594,MPC,Census,,,,,,ZAF,,Yes,0,1,0,1,1,0,1,1,
DHS-ZMB-1992,,,DHS Zambia 1992,"DHS Zambia 1992, survey",13359,MPC,Survey,,,,,,ZMB,,Yes,0,1,0,1,1,0,1,1,
DHS-ZMB-1996,,,DHS Zambia 1996,"DHS Zambia 1996, survey",15269,MPC,Survey,,,,,,ZMB,,Yes,0,1,0,1,1,0,1,1,
DHS-ZMB-2001,,,DHS Zambia 2001,"DHS Zambia 2001, survey",14535,MPC,Survey,,,,,,ZMB,,Yes,0,1,0,1,1,0,1,1,
DHS-ZMB-2007,,,DHS Zambia 2007,"DHS Zambia 2007, survey",13547,MPC,Survey,,,,,,ZMB,,Yes,0,1,0,1,1,0,1,1,
DHS-ZMB-2013,,,DHS Zambia 2013,"DHS Zambia 2013, survey",29868,MPC,Survey,,,,,,ZMB,,Yes,0,1,0,1,1,0,1,1,
IPUMS-ZMB-1990,,,IPUMS-International Zambia 1990,"IPUMS-International Zambia 1990, census",787461,MPC,Census,,,,,,ZMB,,Yes,0,1,0,1,1,0,1,1,
IPUMS-ZMB-2000,,,IPUMS-International Zambia 2000,"IPUMS-International Zambia 2000, census",996117,MPC,Census,,,,,,ZMB,,Yes,0,1,0,1,1,0,1,1,
IPUMS-ZMB-2010,,,IPUMS-International Zambia 2010,"IPUMS-International Zambia 2010, census",1321973,MPC,Census,,,,,,ZMB,,Yes,0,1,0,1,1,0,1,1,
MICS-ZMB-1999,,,MICS Zambia 1999,"MICS Zambia 1999, survey",15975,MPC,Survey,,,,,,ZMB,,Yes,0,1,0,1,1,0,1,1,
ZVITAMBO,ZVIT,zvit,ZVITAMBO,Placebo-Controlled Study of a Single Dose of Vitamin A to Prevent Vertical and Horizontal Transmission of HIV,14110,QC completed,Longitudinal,Nutritional,0,Days,4,Days,ZWE,Lactating mothers and their children,"WT, HT, HCIR data for 1-2 years",1,1,1,1,1,1,1,1,1
PROVIDE,PRVD,prvd,PROVIDE Study (PR-10060),Performance of Rotavirus and Oral Polio Vaccines in Developing Countries,700,Obsolete,Longitudinal,Vaccine,0,Days,7,Days,BGD,Birth cohort,Ht & Wt is collected ~16 times during the first 2 years of life,1,1,1,1,1,1,1,0,1
FSP-Bangladesh,,,FSP - Bangladesh,Consumer Survey of Financial Services for the Poor  Bangladesh,,Will not be mapped,Aggregate,No Intervention,16,Years,85,Years,BGD,,None,0,0,0,1,0,0,1,0,
MAL-ED,MLED,mled,MAL-ED Study (PMID25305287),Global study of enteropathy and its effects on anthropometry from birth through age 2 years,2145,Obsolete,Longitudinal,No Intervention,0,Days,17,Days,"BGD, BRA, IND, NPL, PER, PAK, ZAF, TZA",Multinational birth cohort,"LT, WT, HCIR from birth to 2 years",0,1,1,1,1,1,1,0,
Serrinha-VitA,SVTA,svta,"Vitamin A Supplementation in Serrinha, Brazil",Effect of Vitamin A Supplementation on Diarrhoea and Acute Lower-Respiratory-Tract Infections in Young Children in Brazil,1240,Programming Ongoing,Longitudinal,Nutritional,6,Months,48,Months,BRA,"Young children in Serrinha, Bahia state",Height and weight,1,1,1,1,1,1,1,0,0
CIDACS-BF-Muni,,,Bolsa Familia Municipal Level Mortality Dataset,Bolsa Familia Municipal Level Mortality Dataset,,Will not be mapped,Longitudinal,No Intervention,0,Years,18,Years,BRA,All families participarting in the Bolsa Familia program in the 5507 municipalities in cluded in the dataset (out of 5565 total municipalities in Brazil),,0,0,1,1,0,1,1,0,
ChinaEyeGlasses,CEGS,cegs,Eye Glasses in China Intervention,Cluster randomized controlled trial: effects of free eyeglasses on primary school educational outcomes,3177,Programming Ongoing,Longitudinal,Medical Device,8,Years,10,Years,CHN,Children in grades 4 and 5 with visual acuity < 6/12 in Gansu and Shaanxi provinces,None,0,0,1,1,1,0,1,0,
DNBC,DNBC,dnbc,Danish National Birth Cohort Study,Pregnant women and their children born 1997-2003: effect of early-life exposures on later health in the children,54907,Data hosted externally,Longitudinal,No Intervention,-250,Days,-30,Days,DNK,Birth cohort,"Wt, Len",0,1,1,0,1,1,1,0,
iLiNS-DYAD-G,ILDG,ildg,iLiNS-DYAD-Ghana,"Efficacy of small-quantity lipid-based nutrient supplements (SQ-LNS) consumed by women during pregnancy and the first 6 months postpartum, and by their infants from age 6 to 18 months",864,Expecting data,Cross Sectional,Nutritional,0,Days,0,Days,GHA,Healthy newborns,TBD,0,0,0,1,1,1,1,0,
INCAP,INCP,incp,INCAP Next Generation,Institute of Nutrition of Central America and Panama: nutrition supplementation longitudinal next generation study,2740,Programming Ongoing,Longitudinal,No Intervention,0,Days,12,Years,GTM,Offspring of child participants of a village-level nutrition intervention randomized trial,"Mix of cross-sectional and longitudinal, with Ht, Wt and in some cases HCir, SSSFT and TSFT.",0,1,1,1,1,1,1,0,
IndonesiaFLS,IFLS,ifls,Indonesia Family Life Surveys,Indonesia Family Life Surveys,3000,Raw Data Received,Survey,No Intervention,0,Days,99,Years,IDN,General population,TBD,0,0,0,1,1,1,1,0,
FSP-Indonesia,,,FSP - Indonesia,Consumer Survey of Financial Services for the Poor  Indonesia,,Will not be mapped,Aggregate,No Intervention,16,Years,85,Years,IDN,,None,0,0,0,1,0,0,1,0,
BetterBirth,BBth,bbth,Better Birth,Better Birth WHO Safe Childbirth Checklist Program Trial,,Expecting data,Cross Sectional,Checklist,-28,Days,1,Days,IND,Mothers admitted to a study site for childbirth in Uttar Pradesh state,,0,0,0,1,0,1,1,0,
HBCC,HBCC,hbcc,Home Based Child Care Program,Home Based Child Care program and community based management of devere malnutrition,7211,Expecting data,Longitudinal,Integrated Management,-26,Weeks,5,Years,IND,"Children < 5 y, rural tribal region of Melghat",Monthly measures of height and weight,0,1,1,1,1,1,1,0,
MCPEPAG,MCPP,mcpp,Mortality Control Program for Economically Productive Age Group,Mortality Control Program for Economically Productive Age Group,15120,Expecting data,Longitudinal,Integrated Management,16,Years,60,Years,IND,"Adults aged 16-60 y from Dharni and Chikhaldara tahsil of Melghat, Amaravat","Baseline height, weight and chest circumference",0,1,1,1,1,0,1,0,
Odisha,ODSH,odsh,Odisha WASH Study,"Cluster-randomized trial of effects of sanitation program on diarrhoea, soil-transmitted helminth, and child malnutrition in rural Odisha",50951,Expecting data,Longitudinal,WASH,0,Days,0,Days,IND,Infants in villages in rural Odisha,TBD,0,0,1,1,1,1,1,0,
SAMMAN,SMMN,smmn,Community Based Management of Severe Malnutrition,Community based management of severe malnutrition in tribal area of Melghat: cluster randomized controlled field trial,734,Expecting data,Longitudinal,Integrated Management,6,Months,60,Months,IND,Children aged 6-60 months from Dharni and Chikhaldara tahsil of Amaravati District of Maharashtra,"Weight, Height, MUAC",0,1,1,1,1,1,1,0,
St-Johns,STJN,stjn,St Johns pregnancy cohort,To perform a prospective observational cohort study among pregnant women in urban South India designed to establish baseline nutritional and maternal/neonatal health outcomes,2000,Programming Ongoing,Longitudinal,No Intervention,-200,Days,-150,Days,IND,Healthy Pregnant Women,Yes,0,1,1,1,1,0,1,0,
SAS-FeedingCSS,FCSS,fcss,Survey of Feeding Practices and Socio Economic Characteristics of Families,"Cross-sectional survey: socioeconomic characteristics, feeding practices, knowledge and perceptions about infant feeding, and foods available in the household",5448,Raw Data Received,Cross Sectional,No Intervention,0,Days,3,Years,IND,Randomly selected households with at least 1 child aged < 3 y in rural Haryana,Height and weight,0,1,0,1,1,1,1,0,
FSP-India,,,FSP - India,Consumer Survey of Financial Services for the Poor  India,,Will not be mapped,Aggregate,No Intervention,16,Years,85,Years,IND,,None,0,0,0,1,0,0,1,0,
FSP-Kenya,,,FSP - Kenya,Consumer Survey of Financial Services for the Poor  Kenya,,Will not be mapped,Aggregate,No Intervention,16,Years,85,Years,KEN,,None,0,0,0,1,0,,1,0,
iLiNS-DYAD-M-OBSOLETE,,,iLiNS-DYAD-M,"Supplementing maternal and infant diet with high-energy, micronutrient fortified Lipid-based Nutrient Supplements (LNS)",259,Obsolete,Longitudinal,Nutritional,0,Days,6,Months,MWI,Women with neonates,"HAZ, LAZ, WAZ only",0,1,1,1,1,1,1,0,
DHS,DHS,dhs,DHS,Demographic & Health Surveys,,Will not be mapped,Aggregate,No Intervention,,,,,NA,,None,0,0,0,0,0,0,1,0,
ERP010539,E539,e539,Fitness determinants in mouse model of human gut,"Multiple bacterial strains in human gut microbiota: fitness determinants, gene-level characterization of their niches and responses to diet change, and prebiotic design for precision microbiota manipulation",,Will not be mapped,Mouse,No Intervention,,,,,NA,Mouse model of gut microbiome,None,0,0,0,0,0,0,1,0,
G1100522,WAZ,waz,Country-specific WAZ adjustments,Pharmacological modeling and data analysis in decision support of antimalarial drug dosing regimens,,Will not be mapped,Aggregate,No Intervention,14,Days,50,Years,NA,General population,None,0,0,0,0,0,1,1,0,
GBD 2013,GBD,gbd,GBD Anthropometry,Global Buden of Disease anthropometry estimates,,Will not be mapped,Aggregate,No Intervention,0,Days,90,Years,NA,Representative samples,None,0,0,0,0,0,1,1,0,
Gapminder,GPMD,gpmd,Gapminder Policy,Download of country-level statistics from the Gapminder website,,Will not be mapped,Aggregate,No Intervention,,,,,NA,,None,0,0,0,0,0,0,1,0,
Gapminder-DHS,GPDH,gpdh,"Gapminder, IPUMS and DHS",Comparison of Gapminder Statistics with Statistics from DHS and IPUMS,,Will not be mapped,Aggregate,No Intervention,,,,,NA,,None,0,0,0,0,0,0,1,0,
MouseCoHousing,MCH,mch,Mouse Co-Housing,Fecal microbiota transplant to mice from a stunted and underweight and healthy control infant,,Will not be mapped,Mouse,No Intervention,0,Days,0,Days,NA,Gnotobiotic mice,None,0,0,0,0,0,1,1,0,
PMID24896187,Gsub,gsub,Gut microbiota in malnnourished children,Bacterial species of healthy gut microbiota during the first 2  postnatal years identified from 16S rRNA data sets of monthly fecal samples in a healthy birth cohort from Dhaka,,Will not be mapped,Ex Vivo,No Intervention,0,Days,0,Days,NA,"Severely malnourished, but exhibiting healthy growth",None,0,0,0,0,0,1,0,0,
FSP-Nigeria,,,FSP - Nigeria,Consumer Survey of Financial Services for the Poor  Nigeria,,Will not be mapped,Aggregate,No Intervention,16,Years,85,Years,NGA,,None,0,0,0,1,0,0,1,0,
FSP-Pakistan,,,FSP - Pakistan,Consumer Survey of Financial Services for the Poor  Pakistan,,Will not be mapped,Aggregate,No Intervention,16,Years,85,Years,PAK,,None,0,0,0,1,0,,1,0,
FSP-Tanzania,,,FSP - Tanzania,Consumer Survey of Financial Services for the Poor  Tanzania,,Will not be mapped,Aggregate,No Intervention,16,Years,85,Years,TZA,,None,0,0,0,1,0,0,1,0,
FSP-Uganda,,,FSP - Uganda,Consumer Survey of Financial Services for the Poor  Uganda,,Will not be mapped,Aggregate,No Intervention,16,Years,85,Years,UGA,,None,0,0,0,1,0,0,1,0,
EPOCH,EPCH,epch,EPOCH Study,Exploring Perinatal Outcomes Among Children,442,Expecting data,Longitudinal,No Intervention,,,,,USA,,TBD,0,0,1,0,1,0,1,0,
USHHS-EHRSE,EHRS,ehrs,USHHS EHRSE,Early Head Start Research and Evaluation Study,2977,Expired,Longitudinal,Educational,0,Days,0,Days,USA,Preschoolers from low-income families,"Weight, height",0,1,1,0,1,1,1,0,
CPP-Partial,CPPP,cppp,Collaborative Perinatal Project,"Collaborative Perinatal Project Birth Cohort.   Incomplete data, use CPP4674 instead.",,Obsolete,Longitudinal,No Intervention,0,Days,0,Days,USA,Multisite birth cohort,"Ht & Wt at birth, Yr 1, Y4 & Yr 7.  Also HCir at Yr 7.",0,1,1,0,0,1,1,0,
CPP1220,CPP1,cpp1,Collaborative Perinatal Project,"Collaborative Perinatal Project Birth Cohort.  Incomplete data, use CPP4674 instead.",,Obsolete,Longitudinal,No Intervention,0,Days,0,Days,USA,Multisite birth cohort,"Ht & Wt at birth, Yr 1, Y4 & Yr 7.  Also HCir at Yr 7.",0,1,1,0,0,1,1,0,
USDOE-ECLS-K,ECLS,ecls,USDOE ECLS-K,Early Childhood Longitudinal Study (Kindergarten Class of 1998-99),21400,Obsolete,Longitudinal,No Intervention,4,Years,6,Years,USA,"Kindergarten children, class of 1998-1999","Weight, height",0,1,1,0,1,0,1,0,
USCAHMI-NSCH-03,,,USCAHMI NSCH,National Survey of Children's Health,102353,Programming Ongoing,Cross Sectional,No Intervention,0,Days,0,Days,USA,Children,"Ht, Wt and birth wt",0,1,0,0,1,1,1,0,
USCAHMI-NSCH-07,,,USCAHMI NSCH,National Survey of Children's Health,91642,Programming Ongoing,Cross Sectional,No Intervention,0,Days,0,Days,USA,Children,"Ht, Wt and birth wt",0,1,0,0,1,1,1,0,
USCAHMI-NSCH-11,,,USCAHMI NSCH,National Survey of Children's Health,95677,Programming Ongoing,Cross Sectional,No Intervention,0,Days,0,Days,USA,Infants,"Ht, Wt and birth wt",0,1,0,0,1,1,1,0,
USCDC-IFPS,IFPS,ifps,USCDC IFPS,Infant Feeding Practice Study: a longitudinal survey of breast feeding,6419,Programming Ongoing,Longitudinal,No Intervention,0,Days,0,Days,USA,Infants; outcomes at age 6 y,"Ht, Wt of child and mother  (birth through Yr 6 follow-up)",0,1,1,0,1,1,1,0,
USCDC-PRAMS,PRAM,pram,USCDC PRAMS,Pregnancy Risk Assessment Monitoring System: national data,539694,Programming Ongoing,Cross Sectional,No Intervention,0,Days,0,Days,USA,Pregnancies,Wt at birth,0,1,0,0,1,1,1,0,
NYT,NYT,nyt,National Youth in Transition,National Youth in Transition Survey,588020,Will not be mapped,Registry,No Intervention,19,Years,21,Years,USA,Young adults recently transitioned out of foster care,None,0,0,0,0,1,0,1,0,
USCDC-NIS-00,,,USCDC NIS 2000,National Immunization Survey,34087,Will not be mapped,Survey,No Intervention,19,Months,17,Years,USA,Children aged 19-35 mo and adolescents aged 13-17 y,None,0,0,0,0,1,1,1,0,
USCDC-NIS-01,,,USCDC NIS 2001,National Immunization Survey,33437,Will not be mapped,Survey,No Intervention,19,Months,17,Years,USA,Children aged 19-35 mo and adolescents aged 13-17 y,None,0,0,0,0,1,1,1,0,
USCDC-NIS-02,,,USCDC NIS 2002,National Immunization Survey,31693,Will not be mapped,Survey,No Intervention,19,Months,17,Years,USA,Children aged 19-35 mo and adolescents aged 13-17 y,None,0,0,0,0,1,1,1,0,
USCDC-NIS-03,,,USCDC NIS 2003,National Immunization Survey,30930,Will not be mapped,Survey,No Intervention,19,Months,17,Years,USA,Children aged 19-35 mo and adolescents aged 13-17 y,None,0,0,0,0,1,1,1,0,
USCDC-NIS-04,,,USCDC NIS 2004,National Immunization Survey,30987,Will not be mapped,Survey,No Intervention,19,Months,17,Years,USA,Children aged 19-35 mo and adolescents aged 13-17 y,None,0,0,0,0,1,1,1,0,
USCDC-NIS-05,,,USCDC NIS 2005,National Immunization Survey,27627,Will not be mapped,Survey,No Intervention,19,Months,17,Years,USA,Children aged 19-35 mo and adolescents aged 13-17 y,None,0,0,0,0,1,1,1,0,
USCDC-NIS-06,,,USCDC NIS 2006,National Immunization Survey,29880,Will not be mapped,Survey,No Intervention,19,Months,17,Years,USA,Children aged 19-35 mo and adolescents aged 13-17 y,None,0,0,0,0,1,1,1,0,
USCDC-NIS-07,,,USCDC NIS 2007,National Immunization Survey,24807,Will not be mapped,Survey,No Intervention,19,Months,17,Years,USA,Children aged 19-35 mo and adolescents aged 13-17 y,None,0,0,0,0,1,1,1,0,
USCDC-NIS-08,,,USCDC NIS 2008,National Immunization Survey,14174,Will not be mapped,Survey,No Intervention,19,Months,17,Years,USA,Children aged 19-35 mo and adolescents aged 13-17 y,None,0,0,0,0,1,1,1,0,
USCDC-NIS-09,,,USCDC NIS 2009,National Immunization Survey,25241,Will not be mapped,Survey,No Intervention,19,Months,17,Years,USA,Children aged 19-35 mo and adolescents aged 13-17 y,None,0,0,0,0,1,1,1,0,
USCDC-NIS-10,,,USCDC NIS 2010,National Immunization Survey,8587,Will not be mapped,Survey,No Intervention,19,Months,17,Years,USA,Children aged 19-35 mo and adolescents aged 13-17 y,None,0,0,0,0,1,1,1,0,
USCDC-NIS-11,,,USCDC NIS 2011,National Immunization Survey,5763,Will not be mapped,Survey,No Intervention,19,Months,17,Years,USA,Children aged 19-35 mo and adolescents aged 13-17 y,None,0,0,0,0,1,1,1,0,
USCDC-NIS-12,,,USCDC NIS 2012,National Immunization Survey,12904,Will not be mapped,Survey,No Intervention,19,Months,17,Years,USA,Children aged 19-35 mo and adolescents aged 13-17 y,None,0,0,0,0,1,1,1,0,
USCDC-NIS-13,,,USCDC NIS 2013,National Immunization Survey,12591,Will not be mapped,Survey,No Intervention,19,Months,17,Years,USA,Children aged 19-35 mo and adolescents aged 13-17 y,None,0,0,0,0,1,1,1,0,
USCDC-NIS-14,,,USCDC NIS 2014,National Immunization Survey,11750,Will not be mapped,Survey,No Intervention,19,Months,17,Years,USA,Children aged 19-35 mo and adolescents aged 13-17 y,None,0,0,0,0,1,1,1,0,
USCDC-NIS-95,,,USCDC NIS 1995,National Immunization Survey,31997,Will not be mapped,Survey,No Intervention,19,Months,17,Years,USA,Children aged 19-35 mo and adolescents aged 13-17 y,None,0,0,0,0,1,1,1,0,
USCDC-NIS-96,,,USCDC NIS 1996,National Immunization Survey,33305,Will not be mapped,Survey,No Intervention,19,Months,17,Years,USA,Children aged 19-35 mo and adolescents aged 13-17 y,None,0,0,0,0,1,1,1,0,
USCDC-NIS-97,,,USCDC NIS 1997,National Immunization Survey,32742,Will not be mapped,Survey,No Intervention,19,Months,17,Years,USA,Children aged 19-35 mo and adolescents aged 13-17 y,None,0,0,0,0,1,1,1,0,
USCDC-NIS-98,,,USCDC NIS 1998,National Immunization Survey,32511,Will not be mapped,Survey,No Intervention,19,Months,17,Years,USA,Children aged 19-35 mo and adolescents aged 13-17 y,None,0,0,0,0,1,1,1,0,
USCDC-NIS-99,,,USCDC NIS 1999,National Immunization Survey,34442,Will not be mapped,Survey,No Intervention,19,Months,17,Years,USA,Children aged 19-35 mo and adolescents aged 13-17 y,None,0,0,0,0,1,1,1,0,
USCDC-NSFG-02,,,USCDC NSFG,National Survey of Family Growth,12571,Will not be mapped,Cross Sectional,No Intervention,0,Days,0,Days,USA,Adolescents and adults aged 15-44 y,"Ht, Wt",0,1,0,0,1,1,1,0,
USCDC-NSFG-06,,,USCDC NSFG,National Survey of Family Growth,22682,Will not be mapped,Cross Sectional,No Intervention,0,Days,0,Days,USA,Adolescents and adults aged 15-44 y,"Ht, Wt",0,1,0,0,1,1,1,0,
USCDC-NSFG-11,,,USCDC NSFG,National Survey of Family Growth,10416,Will not be mapped,Cross Sectional,No Intervention,0,Days,0,Days,USA,Adolescents and adults aged 15-44 y,"Ht, Wt",0,1,0,0,1,1,1,0,
USCDC-NSFG-73,,,USCDC NSFG,National Survey of Family Growth,9797,Will not be mapped,Cross Sectional,No Intervention,0,Days,0,Days,USA,Adolescents and adults aged 15-44 y,"Ht, Wt",0,1,0,0,1,1,1,0,
USCDC-NSFG-76,,,USCDC NSFG,National Survey of Family Growth,8611,Will not be mapped,Cross Sectional,No Intervention,0,Days,0,Days,USA,Adolescents and adults aged 15-44 y,"Ht, Wt",0,1,0,0,1,1,1,0,
USCDC-NSFG-82,,,USCDC NSFG,National Survey of Family Growth,7969,Will not be mapped,Cross Sectional,No Intervention,0,Days,0,Days,USA,Adolescents and adults aged 15-44 y,"Ht, Wt",0,1,0,0,1,1,1,0,
USCDC-NSFG-88,,,USCDC NSFG,National Survey of Family Growth,8450,Will not be mapped,Cross Sectional,No Intervention,0,Days,0,Days,USA,Adolescents and adults aged 15-44 y,"Ht, Wt",0,1,0,0,1,1,1,0,
USCDC-NSFG-95,,,USCDC NSFG,National Survey of Family Growth,10847,Will not be mapped,Cross Sectional,No Intervention,0,Days,0,Days,USA,Adolescents and adults aged 15-44 y,"Ht, Wt",0,1,0,0,1,1,1,0,
Harare CRU,HCRU,hcru,Harare CRU Study of Child Disabilities,Infants and children with confirmed disability,,Expecting data,Longitudinal,No Intervention,0,Months,10,Years,ZWE,Infants and children with confirmed disabilities in Harare,"WT, APGAR Scores",0,1,1,1,0,1,0,0,
Keneba,Knba,knba,MRC Kenaba,"Anthropometric data from MRC, Keneba research site. Longitudinal evaluation of the causal link between nutritional intake, physical and cognitive growth and development, and health",2954,QC completed,Longitudinal,No Intervention,0,Days,900,Days,GMB,Birth cohort in Gambia,"Ht, Wt, HCir, MUAC, TSFT.   Approx Monthly thru M6, then q2M thru M24",1,1,1,1,1,1,1,1,1
