short_id,country,subj,obs,study_id,reason_excluded,included/excluded,notes,short_description,study_description,,study_id,short_id,short_description,study_description,,,,,,,,,,,
bfzn,BURKINA FASO,7167,15155,Burkina Faso Zn,0,included,,Zn Trial in Burkina Faso,"Effect of preventive and therapeutic zinc supplementation programs on nutritional status, growth, and morbidity among young children: a randomized, partially masked, community-based trial",,AAP-NSECH,#N/A,National Survey of Early Childhood Health,American Academy of Pediatrics National Survey of Early Childhood Health,,,,,,,,,,,
eu,INDIA,2020,3533,EU,0,included,,Zn Supp for Diarrheal Pneuomonia,Zinc supplementation in diarrheal pneumonia,,AFCARS-A,afca,AFCARS Adoption,AFCARS adoption files,,,,,,,,,,,
vita,INDIA,3805,11197,VITAMIN-A,0,included,,EPI Linked Vita A,Vitamin A supplementation,,AFCARS-F,afcf,AFCARS Foster Care,AFCARS foster care files,,,,,,,,,,,
svta,BRAZIL,498,1136,Serrinha-VitA,0,included,,"Vitamin A Supplementation in Serrinha, Brazil",Effect of Vitamin A Supplementation on Diarrhoea and Acute Lower-Respiratory-Tract Infections in Young Children in Brazil,,AMANHI,amni,AMANHI,"Using ongoing newborn intervention trials to obtain additional data critical to maternal, fetal and newborn health in a harmonized way",,,,,,,,,,,
vb12,INDIA,805,1360,Vitamin-B12,0,included,,Vit B12 Supp Trial,Vitamin B12 supplementation,,ANISA,ansa,ANISA,Aetiology of Neonatal Infection in South Asia,,,,,,,,,,,
akup,PAKISTAN,1757,3939,AgaKhanUniv,0,included,,Aga Khan University Evidence Based Nutrition Intervention Study,Scaling up evidence-based nutrition interventions to address maternal and child health outcomes in rural Sindh,,AgaKhanUniv,akup,Aga Khan University Evidence Based Nutrition Intervention Study,Scaling up evidence-based nutrition interventions to address maternal and child health outcomes in rural Sindh,,,,,,,,,,,
ilnd,MALAWI,1931,5124,iLiNS-DOSE,0,included,,iLiNS-DOSE,"Randomised controlled trial of growth effects of long-term complementary feeding of infants with different doses and formulations of high-energy, micronutrient fortified lipid-based nutrient supplements (LNS)",,BAMBAM,bmbm,Brain Myelination in Children,Brain myelination and cognitive development in children,,,,,,,,,,,
ildm,MALAWI,1201,4137,iLiNS-DYAD-M,0,included,,iLiNS-DYAD-M,"Supplementing maternal and infant diet with high-energy, micronutrient fortified Lipid-based Nutrient Supplements (LNS)",,BIGCS Ultrasound,bigu,Born in Guangzhou Cohort Study - Ultrasound Subset,Born in Guangzhou Cohort Study: ultrasonography and longitudinal growth data,,,,,,,,,,,
cmc,INDIA,373,8733,CMC-V-BCS-2002,0,included,,CMC Vellore Birth Cohort 2002,Rotavirus seasonality and age effects in a birth cohort study in Vellore,,Bangladesh Diarrhea,bngd,Longitudinal Growth Study in Bangladesh,"Longitudinal study of growth, infectious disease, diarrhea, and nutrition in children",,,,,,,,,,,
cntt,PERU,215,8339,CONTENT,0,included,,Evaluation and Control of Neglected Mucosal Enteric Infections in Childhood,"Study of growth, diarrhea, and socioeconomic status",,Bangladesh Rice,bngr,Dietary Survey in Bangladeshi Children,Cross-sectional dietary survey in children aged 24-48 mo,,,,,,,,,,,
ee,PAKISTAN,380,6379,EE,0,included,,Study of Biomarkers for Environmental Enteropathy,"Monthly anthropometry since birth, daily symptoms, and biomarkers for environmental enteropathy in blood, urine, and stool",,BetterBirth,bbth,Better Birth,Better Birth WHO Safe Childbirth Checklist Program Trial,,,,,,,,,,,
gmsn,NEPAL,602,12750,GMS-Nepal,0,included,,"Growth Monitoring Study, Nepal",Monthly monitoring of newborn infants in Dhanusha district through age 24 or 25 mo,,Bogalusa,bglu,Bogalusa Heart Study,Bogalusa Heart Study,,,,,,,,,,,
gbsc,GUATEMALA,315,2546,Guatemala BSC,0,included,,Longitudinal study of BSC in Guatemala,"Effects of bovine serum concentrate and supplemental micronutrients on growth, morbidity, and micronutrient status of young children in a low-income, periurban community",,BtS,bts,BtS ICMR-CIHR,Brain to Society (BtS) diagnostic for the prevention of childhood obesity and its chronic disease consequences,,,,,,,,,,,
irc,INDIA,410,9804,IRC,0,included,,Vellore Crypto Study,Birth cohort study of Cryptosporidium infection in children,,Burkina Faso Zn,bfzn,Zn Trial in Burkina Faso,"Effect of preventive and therapeutic zinc supplementation programs on nutritional status, growth, and morbidity among young children: a randomized, partially masked, community-based trial",,,,,,,,,,,
knba,GAMBIA,2921,40303,Keneba,0,included,,MRC Kenaba,"Anthropometric data from MRC, Keneba research site. Longitudinal evaluation of the causal link between nutritional intake, physical and cognitive growth and development, and health",,CANDLE,cndl,CANDLE Study,Systems dynamics modeling of growth in children,,,,,,,,,,,
mlex,BANGLADESH,5539,265,MAL-ED,0,included,,MAL-ED Study (PMID25305287),Global study of enteropathy and its effects on anthropometry from birth through age 2 years,,CIDACS-BF-Muni,#N/A,Bolsa Familia Municipal Level Mortality Dataset,Bolsa Familia Municipal Level Mortality Dataset,,,,,,,,,,,
mlex,BRAZIL,4646,233,MAL-ED,0,included,,MAL-ED Study (PMID25305287),Global study of enteropathy and its effects on anthropometry from birth through age 2 years,,CLR-China,clrc,Cognitive Learning in Rural China,Cognitive learning in rural China,,,,,,,,,,,
mlex,INDIA,5607,251,MAL-ED,0,included,,MAL-ED Study (PMID25305287),Global study of enteropathy and its effects on anthropometry from birth through age 2 years,,CMC-V-BCS-2002,cmc,CMC Vellore Birth Cohort 2002,Rotavirus seasonality and age effects in a birth cohort study in Vellore,,,,,,,,,,,
mlex,NEPAL,5602,240,MAL-ED,0,included,,MAL-ED Study (PMID25305287),Global study of enteropathy and its effects on anthropometry from birth through age 2 years,,CMIN,cmin,Child Malnutrition and Infection Network,7 longitudinal cohort studies of early childhood in low- and middle-income countries,,,,,,,,,,,
mlex,PERU,5857,303,MAL-ED,0,included,,MAL-ED Study (PMID25305287),Global study of enteropathy and its effects on anthropometry from birth through age 2 years,,COHORTS,cort,COHORTS,Consortium of Health-Orientated Research in Transitioning Societies,,,,,,,,,,,
mlex,SOUTH AFRICA,5984,314,MAL-ED,0,included,,MAL-ED Study (PMID25305287),Global study of enteropathy and its effects on anthropometry from birth through age 2 years,,CONTENT,cntt,Evaluation and Control of Neglected Mucosal Enteric Infections in Childhood,"Study of growth, diarrhea, and socioeconomic status",,,,,,,,,,,
mlex,"TANZANIA, UNITED REPUBLIC OF",5666,262,MAL-ED,0,included,,MAL-ED Study (PMID25305287),Global study of enteropathy and its effects on anthropometry from birth through age 2 years,,CPP4674,cpp4,Collaborative Perinatal Project,Collaborative Perinatal Project birth cohort,,,,,,,,,,,
prvd,BANGLADESH,700,9082,PROVIDE,0,included,,PROVIDE Study (PR-10060),Performance of Rotavirus and Oral Polio Vaccines in Developing Countries,,ChinaEMI,cemi,SMS Advice Program in Rural China,Effect on maternal and newborn health of a text message advice program for pregnant women,,,,,,,,,,,
rspk,PAKISTAN,278,3164,ResPak,0,included,,Respiratory Pathogens Birth Cohort,Characterization of endemic respiratory pathogens in urban pregnant women and newborns,,ChinaEyeGlasses,cegs,Eye Glasses in China Intervention,Cluster randomized controlled trial: effects of free eyeglasses on primary school educational outcomes,,,,,,,,,,,
tzc2,"TANZANIA, UNITED REPUBLIC OF",2396,29548,TanzaniaChild2,0,included,,Tanzania Child 2,Zinc and micronutrients,,CordBloodCytometry,cbcy,Delhi Umbilical Cord Blood Study,Leukocyte constituents in cord blood of neonates born in Delhi hospitals,,,,,,,,,,,
cmin,PERU,929,12081,CMIN,0,included,,Child Malnutrition and Infection Network,7 longitudinal cohort studies of early childhood in low- and middle-income countries,,DHS,dhs,DHS,Demographic & Health Surveys,,,,,,,,,,,
cmin,BRAZIL,119,885,CMIN,0,included,,Child Malnutrition and Infection Network,7 longitudinal cohort studies of early childhood in low- and middle-income countries,,DIVIDS,dvds,DIVIDS-1 with 5 year Follow-up,Randomised Controlled Trial to Evaluate the Preventive Effect on Mortality and Serious Morbidity/ Hospitalisations of Daily Vitamin D Supplements in Small for Gestational Age Term Infants,,,,,,,,,,,
cmin,GUINEA-BISSAU,1507,9151,CMIN,0,included,,Child Malnutrition and Infection Network,7 longitudinal cohort studies of early childhood in low- and middle-income countries,,DNBC,dnbc,Danish National Birth Cohort Study,Pregnant women and their children born 1997-2003: effect of early-life exposures on later health in the children,,,,,,,,,,,
cmin,BANGLADESH,272,5379,CMIN,0,included,,Child Malnutrition and Infection Network,7 longitudinal cohort studies of early childhood in low- and middle-income countries,,DSS,dss,"Demographic Surveillance Study in Vellore, India",Demographic Surveillance Study in Vellore,,,,,,,,,,,
jvt3,BANGLADESH,26968,104291,JiVitA-3,0,included,,JiVitA-3 Study,Impact of antenatal multiple micronutrient supplementation on infant mortality,,Detroit-Longitudinal,dtwl,Detroit Longitudinal Cohort,Effects of moderate to heavy prenatal alcohol exposure on Bayley scale in African-American infants,,,,,,,,,,,
lnsz,BURKINA FASO,3266,9987,iLiNS-Zinc,0,included,,iLiNS-Zinc Study,"Effect of small-quantity Lipid-based Nutrient Supplements on growth, stunting, and wasting in young children: cluster-randomized trial",,Dutch Famine,dfbc,Dutch Famine Birth Cohort,Dutch Famine birth cohort,,,,,,,,,,,
jvt4,BANGLADESH,5443,35237,JiVitA-4,0,included,,JiVitA-4 Study,Effect of fortified complementary food supplementation on child growth in rural Bangladesh: a cluster-randomized trial,,DutchGrowth1980,dg80,"Dutch Growth Study, 1980","Dutch Growth Study, 1980",,,,,,,,,,,
lcn5,MALAWI,840,4290,LCNI-5,0,included,,Lungwena Child Nutrition Intervention Study 5,"A single-centre, randomised, single-blind, parallel group clinical trial in rural Malawi, testing the growth promoting effect of long-term complementary feeding of infants with a high-energy, micronutrient fortified spread",,DutchGrowth1997,dg97,"Dutch Growth Study, 1997","Dutch Growth Study, 1997",,,,,,,,,,,
nbrt,BANGLADESH,626,6188,NIH-Birth,0,included,,NIH Birth Cohort Study,"Children at birth in Mirpur neighborhood, Dhaka",,DutchGrowth2010,dg10,"Dutch Growth Study, 2010","Dutch Growth Study, 2010",,,,,,,,,,,
ncry,BANGLADESH,758,6896,NIH-Crypto,0,included,,Bangladesh NIH Cryptosporidium Cohort Study (PR-14030),Natural history of Cryptosporidiosis in slum-dwelling children: association with severe malnutrition,,EE,ee,Study of Biomarkers for Environmental Enteropathy,"Monthly anthropometry since birth, daily symptoms, and biomarkers for environmental enteropathy in blood, urine, and stool",,,,,,,,,,,
prbt,BELARUS,16898,123926,PROBIT,0,included,,PROBIT Study,Promotion of Breast Feeding Interventional Trial,,EPOCH,epch,EPOCH Study,Exploring Perinatal Outcomes Among Children,,,,,,,,,,,
cmpf,INDIA,1513,9368,SAS-CompFeed,0,included,,Optimal Infant Feeding Practices,Cluster randomized trial of the promotion of optimal complementary feeding practices,,ERP010539,e539,Fitness determinants in mouse model of human gut,"Multiple bacterial strains in human gut microbiota: fitness determinants, gene-level characterization of their niches and responses to diet change, and prebiotic design for precision microbiota manipulation",,,,,,,,,,,
fspp,INDIA,418,2228,SAS-FoodSuppl,0,included,,Randomized Food Supplementation Trial Ages 4-12 Months,Randomized trial: effect of feeding a food supplement to infants on weight gain,,EU,eu,Zn Supp for Diarrheal Pneuomonia,Zinc supplementation in diarrheal pneumonia,,,,,,,,,,,
zvit,ZIMBABWE,13971,63518,ZVITAMBO,0,included,,ZVITAMBO,Placebo-Controlled Study of a Single Dose of Vitamin A to Prevent Vertical and Horizontal Transmission of HIV,,Ecuador Egg,eegg,Ecuador Egg Trial,Randomized controlled trial of eggs as complementary feeding of infants,,,,,,,,,,,
cort,BRAZIL,4849,5707,COHORTS,0,included,,COHORTS,Consortium of Health-Orientated Research in Transitioning Societies,,Ecuador Zn,eczn,Ecuador Zn Trial,"Dose-response trial of prophylactic zinc supplements, with or without copper, in young children at risk of zinc deficiency",,,,,,,,,,,
cort,GUATEMALA,1349,7668,COHORTS,0,included,,COHORTS,Consortium of Health-Orientated Research in Transitioning Societies,,FSP-Bangladesh,#N/A,FSP - Bangladesh,Consumer Survey of Financial Services for the Poor  Banglades,,,,,,,,,,,
cort,INDIA,7413,31305,COHORTS,0,included,,COHORTS,Consortium of Health-Orientated Research in Transitioning Societies,,FSP-India,#N/A,FSP - India,Consumer Survey of Financial Services for the Poor  Indi,,,,,,,,,,,
cort,PHILIPPINES,3046,32425,COHORTS,0,included,,COHORTS,Consortium of Health-Orientated Research in Transitioning Societies,,FSP-Indonesia,#N/A,FSP - Indonesia,Consumer Survey of Financial Services for the Poor  Indonesi,,,,,,,,,,,
cort,SOUTH AFRICA,1557,1796,COHORTS,0,included,,COHORTS,Consortium of Health-Orientated Research in Transitioning Societies,,FSP-Kenya,#N/A,FSP - Kenya,Consumer Survey of Financial Services for the Poor  Keny,,,,,,,,,,,
wsb,BANGLADESH,4822,8386,WASH-Bangladesh,0,included,,WASH Benefits Bangladesh Trial,"Cluster-randomised controlled trials of individual and combined water, sanitation, hygiene, and nutritional interventions",,FSP-Nigeria,#N/A,FSP - Nigeria,Consumer Survey of Financial Services for the Poor  Nigeri,,,,,,,,,,,
wsk,KENYA,6743,8964,WASH-Kenya,0,included,,WASH Benefits Kenya Trial,"Cluster-randomised controlled trials of individual and combined water, sanitation, hygiene, and nutritional interventions",,FSP-Pakistan,#N/A,FSP - Pakistan,Consumer Survey of Financial Services for the Poor  Pakista,,,,,,,,,,,
zmrt,INDIA,2285,2286,ZnMort,0,included,,Zn Supp and Infant Mortality,Zinc supplementation and infant mortality,,FSP-Tanzania,#N/A,FSP - Tanzania,Consumer Survey of Financial Services for the Poor  Tanzani,,,,,,,,,,,
dnbc,NA,NA,NA,DNBC,High income,Excluded,"QC not completed - no data, only documentation on GHAP",Danish National Birth Cohort Study,Pregnant women and their children born 1997-2003: effect of early-life exposures on later health in the children,,FSP-Uganda,#N/A,FSP - Uganda,Consumer Survey of Financial Services for the Poor  Ugand,,,,,,,,,,,
pops,NETHERLANDS,944,2613,POPS,High income,Excluded,"QC not completed - no data, only documentation on GHAP",Project On Preterm and SGA Infants 1983,Project On Preterm and Small for Gestational Age Infants,,Fels,fels,The Fels Longitudinal Study,"Multigenerational, longitudinal study of growth and health outcomes",,,,,,,,,,,
smcc,NETHERLANDS,2026,14279,SMOCC,High income,Excluded,,Social Medical Survey of Children attending Child health Clinics,Social Medical Survey of Children attending Child health Clinics,,G1100522,waz,Country-specific WAZ adjustments,Pharmacological modeling and data analysis in decision support of antimalarial drug dosing regimens,,,,,,,,,,,
bmbm,UNITED STATES,297,478,BAMBAM,High income,Excluded,,Brain Myelination in Children,Brain myelination and cognitive development in children,,GBD 2013,gbd,GBD Anthropometry,Global Buden of Disease anthropometry estimates,,,,,,,,,,,
bglu,UNITED STATES,0,0,Bogalusa,High income,Excluded,,Bogalusa Heart Study,Bogalusa Heart Study,,GEMS-1,gems,GEMS-1 Study,Global Enteric Multicenter Study: case-control study at 7 sites in Africa and Asia,,,,,,,,,,,
cppp,NA,NA,NA,CPP-Partial,High income,Excluded,incomplete data; status obsolete,#N/A,#N/A,,GEMS-1A,gmsa,GEMS-1A Study,Global Enteric Multicenter Study: case-control study at 7 sites in Africa and Asia,,,,,,,,,,,
cpp1,NA,NA,NA,CPP1220,High income,Excluded,incomplete data; status obsolete,#N/A,#N/A,,GMS-Nepal,gmsn,"Growth Monitoring Study, Nepal",Monthly monitoring of newborn infants in Dhanusha district through age 24 or 25 mo,,,,,,,,,,,
cpp4,UNITED STATES,32857,32655,CPP4674,High income,Excluded,QC completed,Collaborative Perinatal Project,Collaborative Perinatal Project birth cohort,,GUSTO,gsto,GUSTO,Growing Up in Singapore Towards Healthy Outcomes,,,,,,,,,,,
dtwl,UNITED STATES,478,1181,Detroit-Longitudinal,High income,Excluded,,Detroit Longitudinal Cohort,Effects of moderate to heavy prenatal alcohol exposure on Bayley scale in African-American infants,,Gansu,gnsu,Gansu Survey of 4th Grade Students,"Student physical health, mental health, and education outcomes in Gansu Province",,,,,,,,,,,
epch,NA,NA,NA,EPOCH,High income,Excluded,Expecting data; TBD for anthropometric data,EPOCH Study,Exploring Perinatal Outcomes Among Children,,Gapminder,gpmd,Gapminder Policy,Download of country-level statistics from the Gapminder website,,,,,,,,,,,
fels,UNITED STATES,1024,6560,Fels,High income,Excluded,,The Fels Longitudinal Study,"Multigenerational, longitudinal study of growth and health outcomes",,Gapminder-DHS,gpdh,"Gapminder, IPUMS and DHS",Comparison of Gapminder Statistics with Statistics from DHS and IPUMS,,,,,,,,,,,
hlts,UNITED STATES,7569,1305,HealthyStart,High income,Excluded,QC completed,Healthy Start Study (PMID25646327),"Longitudinal epidemiological study of metabolic and behavioral factors during pregnancy that cause obesity, insulin resistance, and abnormal inflammatory markers in offspring",,GordonTwin,gtwn,Birth cohort study of twins,"Birth cohort study of twins measuring anthropometry, micobiology, and associated symptoms",,,,,,,,,,,
nghs,NA,NA,NA,NHLBI-GHS,High income,Excluded,data on children outside of our age range (9-19 years),NHLBI Growth and Health Study,Observational study: risk factors associated with obesity and cardiovascular disease in African-American and white girls,,Grip,grip,"LRTI, RSV and Influenza Cohort Study",Cohort study of children with lower respiratory tract infection associated with respiratory syncytial virus or influenza virus,,,,,,,,,,,
taag,NA,NA,NA,NHLBI-TAAG,High income,Excluded,"outside age range, cross-sectional samples of middle-school 6-8th grade girls",Trials of Activity in Adolescent Girls,"Multicenter, group-randomized trial of schools: interventions to reduce the decline in moderate-to-vigorous physical activity in middle school girls",,Guangzhou Singleton,bigs,Births in Guangzhou - Singletons,Birth records for singleton births in Guangzhou,,,,,,,,,,,
uma,UNITED STATES,53,227,UMN-Amplatz,High income,Excluded,,University of Minnesota Amplatz Study,"Growth, body composition changes, nutrition, illness, and cognition in very low birth weight (VLBW) preterm infants",,Guangzhou Twin,bigt,Births in Guangzhou - Twins,Birth records for twin births in Guangzhou,,,,,,,,,,,
umi,UNITED STATES,116,306,UMN-MINNoWS,High income,Excluded,,University of Minnesota MINNOWS Study,"Growth, body composition, and cognition in preschool children who were preterm or term infants",,Guatemala BSC,gbsc,Longitudinal study of BSC in Guatemala,"Effects of bovine serum concentrate and supplemental micronutrients on growth, morbidity, and micronutrient status of young children in a low-income, periurban community",,,,,,,,,,,
umm,UNITED STATES,43,199,UMN-MOD,High income,Excluded,,University of Minnesota MOD Study,Effects of illness and nutrition on growth and cognition of preterm infants,,GuizhouHelminth,gzhh,Guizhou Intestinal Worm & Child Outcomes,"Intestinal worm infections, child health, and educational outcomes in Guizhou province",,,,,,,,,,,
umn,UNITED STATES,98,103,UMN-NORM,High income,Excluded,,University of Minnesota NORM Study,"Body composition in preterm infants: means, standard deviations, and sex and ethnic differences",,HBCC,hbcc,Home Based Child Care Program,Home Based Child Care program and community based management of devere malnutrition,,,,,,,,,,,
ifps,NA,NA,NA,USCDC-IFPS,High income,Excluded,"programming ongoing; when children were 6 years, mothers were contacted to participate in cross-sectional mail survey for followup",USCDC IFPS,Infant Feeding Practice Study: a longitudinal survey of breast feeding,,HEMY,hemy,Human Ecology of Migration in the Yucatan,Human Ecology of Migration in the Yucatan,,,,,,,,,,,
ecls,NA,NA,NA,USDOE-ECLS-K,High income,Excluded,"status ""obsolete""; kindergarten aged children 4-6 yrs",#N/A,#N/A,,Harare CRU,hcru,Harare CRU Study of Child Disabilities,Infants and children with confirmed disability,,,,,,,,,,,
ehrs,NA,NA,NA,USHHS-EHRSE,High income,Excluded,"status ""expired""",USHHS EHRSE,Early Head Start Research and Evaluation Study,,HealthyStart,hlts,Healthy Start Study (PMID25646327),"Longitudinal epidemiological study of metabolic and behavioral factors during pregnancy that cause obesity, insulin resistance, and abnormal inflammatory markers in offspring",,,,,,,,,,,
gsto,SINGAPORE,1153,8529,GUSTO,High income,Excluded,,GUSTO,Growing Up in Singapore Towards Healthy Outcomes,,IMNCI,imnc,Integrated Management of Neonatal and Childhood Illness,Cluster randomized trial of the effect of the Integrated Management of Neonatal and Childhood Illness programme on neonatal and infant mortality,,,,,,,,,,,
solr,INDIA,55,55,SOLUR,<200,Excluded,,SOLUR Study,"Study of fetal, birth, and postnatal development",,INCAP,incp,INCAP Next Generation,Institute of Nutrition of Central America and Panama: nutrition supplementation longitudinal next generation study,,,,,,,,,,,
phua,PERU,153,1838,Peru Huascar,<200,Excluded,,Infant Growth in Peru,Longitudinal study of growth and morbidity in infants,,INTERBIO-21,ib21,INTERBIO-21,Functional classification of abnormal fetal and neonatal growth phenotypes,,,,,,,,,,,
eegg,ECUADOR,160,308,Ecuador Egg,<200,Excluded,,Ecuador Egg Trial,Randomized controlled trial of eggs as complementary feeding of infants,,INTERGROWTH-21,ig21,INTERGROWTH-21,International fetal and newborn growth standards for the 21st century,,,,,,,,,,,
tdc,INDIA,160,3593,TDC,<200,Excluded,,Transmission Dynamics of Cryptosporidial Infections,Bottled water to prevent or delay Cryptosporidium infection,,IRC,irc,Vellore Crypto Study,Birth cohort study of Cryptosporidium infection in children,,,,,,,,,,,
bngd,BANGLADESH,125,1037,Bangladesh Diarrhea,<200,Excluded,,Longitudinal Growth Study in Bangladesh,"Longitudinal study of growth, infectious disease, diarrhea, and nutrition in children",,IndonesiaFLS,ifls,Indonesia Family Life Surveys,Indonesia Family Life Surveys,,,,,,,,,,,
npre,BANGLADESH,0,0,NIH-Preschool,Wrong age range,Excluded,,NIH Preschool Cohort Study,Case control study of blood antilectin immunoglobulin G in children aged 2-5 and 7-9 years,,JiVitA-3,jvt3,JiVitA-3 Study,Impact of antenatal multiple micronutrient supplementation on infant mortality,,,,,,,,,,,
bts,INDIA,0,0,BtS,Wrong age range,Excluded,,BtS ICMR-CIHR,Brain to Society (BtS) diagnostic for the prevention of childhood obesity and its chronic disease consequences,,JiVitA-4,jvt4,JiVitA-4 Study,Effect of fortified complementary food supplementation on child growth in rural Bangladesh: a cluster-randomized trial,,,,,,,,,,,
ib21,UNITED KINGDOM,547,963,INTERBIO-21,insufficient measurement freq,Excluded,,INTERBIO-21,Functional classification of abnormal fetal and neonatal growth phenotypes,,Keneba,knba,MRC Kenaba,"Anthropometric data from MRC, Keneba research site. Longitudinal evaluation of the causal link between nutritional intake, physical and cognitive growth and development, and health",,,,,,,,,,,
ib21,THAILAND,517,829,INTERBIO-21,insufficient measurement freq,Excluded,,INTERBIO-21,Functional classification of abnormal fetal and neonatal growth phenotypes,,LBW,zlbw,Zn Supp Trial in LBW,Zinc supplementation in children with low birth weight,,,,,,,,,,,
ib21,KENYA,327,446,INTERBIO-21,insufficient measurement freq,Excluded,,INTERBIO-21,Functional classification of abnormal fetal and neonatal growth phenotypes,,LCNI-5,lcn5,Lungwena Child Nutrition Intervention Study 5,"A single-centre, randomised, single-blind, parallel group clinical trial in rural Malawi, testing the growth promoting effect of long-term complementary feeding of infants with a high-energy, micronutrient fortified spread",,,,,,,,,,,
ib21,SOUTH AFRICA,273,360,INTERBIO-21,insufficient measurement freq,Excluded,,INTERBIO-21,Functional classification of abnormal fetal and neonatal growth phenotypes,,MAHANTrust,mahn,Study of Early Childood Deaths in Rural India,"Community based, prospective, cross-sectional study of causes and time trends of child deaths (age, 0-5 y) over 10 years by verbal autopsy in tribal areas of Melghat",,,,,,,,,,,
ib21,PAKISTAN,252,347,INTERBIO-21,insufficient measurement freq,Excluded,,INTERBIO-21,Functional classification of abnormal fetal and neonatal growth phenotypes,,MAL-ED,mlex,MAL-ED Study (PMID25305287),Global study of enteropathy and its effects on anthropometry from birth through age 2 years,,,,,,,,,,,
ib21,BRAZIL,241,352,INTERBIO-21,insufficient measurement freq,Excluded,,INTERBIO-21,Functional classification of abnormal fetal and neonatal growth phenotypes,,MANA-2.0,man2,Midwives Alliance of North America Statistics Registry,Midwives Alliance of North America statistics registry of planned homebirths or birth center births,,,,,,,,,,,
ig21,BRAZIL,981,424,INTERGROWTH-21,Wrong age range,Excluded,,INTERGROWTH-21,International fetal and newborn growth standards for the 21st century,,MANA-3.0,man3,Midwives Alliance of North America Statistics Registry,Midwives Alliance of North America statistics registry of planned homebirths or birth center births,,,,,,,,,,,
ig21,CHINA,930,612,INTERGROWTH-21,Wrong age range,Excluded,,INTERGROWTH-21,International fetal and newborn growth standards for the 21st century,,MANA-4.0,man4,Midwives Alliance of North America Statistics Registry,Midwives Alliance of North America statistics registry of planned homebirths or birth center births,,,,,,,,,,,
ig21,INDIA,1546,625,INTERGROWTH-21,Wrong age range,Excluded,,INTERGROWTH-21,International fetal and newborn growth standards for the 21st century,,MCPEPAG,mcpp,Mortality Control Program for Economically Productive Age Group,Mortality Control Program for Economically Productive Age Group,,,,,,,,,,,
ig21,ITALY,1007,521,INTERGROWTH-21,Wrong age range,Excluded,,INTERGROWTH-21,International fetal and newborn growth standards for the 21st century,,MHRC,mhrc,Mental Health in Rural China,Mental Health in Rural China: comparisons of provinces and subgroups of children and adolescents,,,,,,,,,,,
ig21,KENYA,1267,611,INTERGROWTH-21,Wrong age range,Excluded,,INTERGROWTH-21,International fetal and newborn growth standards for the 21st century,,MaliMMAM,mmam,Deuterium dilution study in Mali,"Body composition in poorly nourished children aged 6-30 months, followed for 12 weeks after diet supplementation intervention",,,,,,,,,,,
ig21,OMAN,1152,636,INTERGROWTH-21,Wrong age range,Excluded,,INTERGROWTH-21,International fetal and newborn growth standards for the 21st century,,MatlabD,mtld,Matlab Deliveries,"Birth cohort of children delivered at Matlab Hospital, Dhaka",,,,,,,,,,,
ig21,UNITED KINGDOM,1079,619,INTERGROWTH-21,Wrong age range,Excluded,,INTERGROWTH-21,International fetal and newborn growth standards for the 21st century,,MatlabKMC,mkmc,Matlab KMC,"Birth cohort of neonates undergoing a kangaroo mother care intervention at Matlab Hospital, Dhaka",,,,,,,,,,,
ig21,UNITED STATES,305,305,INTERGROWTH-21,Wrong age range,Excluded,,INTERGROWTH-21,International fetal and newborn growth standards for the 21st century,,MatlabN,mtln,Matlab Neonates,"Cohort of neonates with complications admitted to Matlab Hospital, Dhaka",,,,,,,,,,,
bigu,CHINA,3422,9642,BIGCS Ultrasound,Wrong age range,Excluded,,Born in Guangzhou Cohort Study - Ultrasound Subset,Born in Guangzhou Cohort Study: ultrasonography and longitudinal growth data,,Maya Belize,mblz,Maya Children in Belize,Growth status of school-aged Maya children,,,,,,,,,,,
gual,GUATEMALA,0,0,UVG Growth,Wrong age range,Excluded,,Univ del Valle de Guatemala Longitudinal Study,"Longitudinal study of growth, cognition, and bone formation in school-aged children in various socioeconomic groups",,Maya Guatemala USA,myag,Maya Guatemala & USA Study,Cross-sectional survey of Maya children and youth in rural highland Guatemala compared to children of Guatemalan migrants in Florida and California,,,,,,,,,,,
grip,PAKISTAN,203,1420,Grip,enrolled ill,Excluded,,"LRTI, RSV and Influenza Cohort Study",Cohort study of children with lower respiratory tract infection associated with respiratory syncytial virus or influenza virus,,Maya Refugees Mexico,myam,Study of Maya Refugees in Mexico,Maya refugee infants and children aged 1-60 mo in temporary camps in rural Campeche,,,,,,,,,,,
ppd,PERU,312,1445,Peru PersistDiarrhea,enrolled ill,Excluded,,Peru Persistent Diarrhea,"Randomized, community-based trial of the effect of zinc supplementation, with and without other micronutrients, on the duration of persistent childhood diarrhea",,MayaCitrusZone1998,mfz8,"Maya Citrus Zone, 1998",Cross-sectional survey of Maya children in the citrus-fruit-growing zone of Yucatan,,,,,,,,,,,
zinf,INDIA,374,1460,ZincInf,enrolled ill,Excluded,,Zn Treatment for Diarrhea,Zinc in treatment of diarrhoea,,MayaDualBurden,myad,Maya Dual Burden Study,"Cross-sectional survey of Maya mothers and their children living in Merida, Yucatan",,,,,,,,,,,
zsga,INDIA,1937,11481,ZincSGA,enrolled ill,Excluded,,Zinc supplementation in SGA infants,Zinc supplementation in infants born small for gestational age,,MayaMaizeZone1992-93,mcz2,"Maya Maize Zone, 1992-93",Cross-sectional survey of Maya children in the maize-growing zone of Yucatan,,,,,,,,,,,
zlbw,INDIA,2041,9441,LBW,enrolled ill,Excluded,,Zn Supp Trial in LBW,Zinc supplementation in children with low birth weight,,MayaMaizeZone1995,mcz5,"Maya Maize Zone, 1995",Cross-sectional survey of Maya children in the maize-growing zone of Yucatan,,,,,,,,,,,
eczn,ECUADOR,460,1052,Ecuador Zn,enrolled ill,Excluded,,Ecuador Zn Trial,"Dose-response trial of prophylactic zinc supplements, with or without copper, in young children at risk of zinc deficiency",,Mexico3G,mx3g,Maya 3-Generation Study,Nutritional status of Maya children and their mothers and grandmothers residing in Merida,,,,,,,,,,,
pzn,PERU,302,1139,Peru Zn,enrolled ill,Excluded,,Peru Zn Fortification,Zinc fortification study,,MouseCoHousing,mch,Mouse Co-Housing,Fecal microbiota transplant to mice from a stunted and underweight and healthy control infant,,,,,,,,,,,
dvds,INDIA,2009,10382,DIVIDS,enrolled ill,Excluded,,DIVIDS-1 with 5 year Follow-up,Randomised Controlled Trial to Evaluate the Preventive Effect on Mortality and Serious Morbidity/ Hospitalisations of Daily Vitamin D Supplements in Small for Gestational Age Term Infants,,NBSP,nbsp,Newborn Stove Pilot Study,Patterns of use of an advanced cookstove in households with newborns,,,,,,,,,,,
imnc,INDIA,2880,2880,IMNCI,insufficient measurement freq,Excluded,,Integrated Management of Neonatal and Childhood Illness,Cluster randomized trial of the effect of the Integrated Management of Neonatal and Childhood Illness programme on neonatal and infant mortality,,NEOVITA,nvta,Neonatal Vit A Supp Trial,Neonatal vitamin A supplementation trial,,,,,,,,,,,
wfrst,"CONGO, THE DEMOCRATIC REPUBLIC OF",517,517,WomenFirst,insufficient measurement freq,Excluded,,Women First,Preconception Women First Trial,,NHANES-1999-00,hn99,"NHANES, 1999-2000","National Health and Nutrition Examination Study, 1999-2000",,,,,,,,,,,
wfrst,PAKISTAN,572,572,WomenFirst,insufficient measurement freq,Excluded,,Women First,Preconception Women First Trial,,NHANES-2001-02,hn01,"NHANES, 2001-02","National Health and Nutrition Examination Study, 2001-2002",,,,,,,,,,,
wfrst,GUATEMALA,579,579,WomenFirst,insufficient measurement freq,Excluded,,Women First,Preconception Women First Trial,,NHANES-2003-04,hn03,"NHANES, 2003-04","National Health and Nutrition Examination Study, 2003-2004",,,,,,,,,,,
wfrst,INDIA,551,551,WomenFirst,insufficient measurement freq,Excluded,,Women First,Preconception Women First Trial,,NHANES-2005-06,hn05,"NHANES, 2005-06","National Health and Nutrition Examination Study, 2005-2006",,,,,,,,,,,
,,,,,,,,,,,NHANES-2007-08,hn07,"NHANES, 2007-08","National Health and Nutrition Examination Study, 2007-2008",,,,,,,,,,,
,,,,,,,,,,,NHANES-2009-10,hn09,"NHANES, 2009-10","National Health and Nutrition Examination Study, 2009-2010",,,,,,,,,,,
,,,,,,,,,,,NHANES-2011-12,hn11,"NHANES, 2011-12","National Health and Nutrition Examination Study, 2011-2012",,,,,,,,,,,
,,,,,,,,,,,NHLBI-DISC,disc,Dietary Intervention Study in Children,Multicenter prospective study: efficacy and safety of a lipid-lowering diet in children aged 8 to 10 years with moderately elevated low-density lipoprotein cholesterol (LDL-C) levels,,,,,,,,,,,
,,,,,,,,,,,NHLBI-GHS,nghs,NHLBI Growth and Health Study,Observational study: risk factors associated with obesity and cardiovascular disease in African-American and white girls,,,,,,,,,,,
,,,,,,,,,,,NHLBI-TAAG,taag,Trials of Activity in Adolescent Girls,"Multicenter, group-randomized trial of schools: interventions to reduce the decline in moderate-to-vigorous physical activity in middle school girls",,,,,,,,,,,
,,,,,,,,,,,NICHD-FGS,fgs,NICHD Fetal Growth Study,Observational epidemiologic study of ultrasonography in low-risk pregnant women to measure fetal growth,,,,,,,,,,,
,,,,,,,,,,,NIH-Birth,nbrt,NIH Birth Cohort Study,"Children at birth in Mirpur neighborhood, Dhaka",,,,,,,,,,,
,,,,,,,,,,,NIH-Crypto,ncry,Bangladesh NIH Cryptosporidium Cohort Study (PR-14030),Natural history of Cryptosporidiosis in slum-dwelling children: association with severe malnutrition,,,,,,,,,,,
,,,,,,,,,,,NIH-Preschool,npre,NIH Preschool Cohort Study,Case control study of blood antilectin immunoglobulin G in children aged 2-5 and 7-9 years,,,,,,,,,,,
,,,,,,,,,,,NIMS,nims,Nutrition Impact Model Study,Nutrition Impact Model Study,,,,,,,,,,,
,,,,,,,,,,,NPIC,npic,National Perinatal Information Center,National Perinatal Information Center,,,,,,,,,,,
,,,,,,,,,,,NYT,nyt,National Youth in Transition,National Youth in Transition Survey,,,,,,,,,,,
,,,,,,,,,,,Odisha,odsh,Odisha WASH Study,"Cluster-randomized trial of effects of sanitation program on diarrhoea, soil-transmitted helminth, and child malnutrition in rural Odisha",,,,,,,,,,,
,,,,,,,,,,,PEDIATRIX,pdrx,PEDIATRIX Clinical Datawarehouse,Registry of births in the PEDIATRIX Clinical Data Warehouse,,,,,,,,,,,
,,,,,,,,,,,PMID24896187,gsub,Gut microbiota in malnnourished children,Bacterial species of healthy gut microbiota during the first 2  postnatal years identified from 16S rRNA data sets of monthly fecal samples in a healthy birth cohort from Dhaka,,,,,,,,,,,
,,,,,,,,,,,POPS,pops,Project On Preterm and SGA Infants 1983,Project On Preterm and Small for Gestational Age Infants,,,,,,,,,,,
,,,,,,,,,,,PROBIT,prbt,PROBIT Study,Promotion of Breast Feeding Interventional Trial,,,,,,,,,,,
,,,,,,,,,,,PROVIDE,prvd,PROVIDE Study (PR-10060),Performance of Rotavirus and Oral Polio Vaccines in Developing Countries,,,,,,,,,,,
,,,,,,,,,,,Peru Huascar,phua,Infant Growth in Peru,Longitudinal study of growth and morbidity in infants,,,,,,,,,,,
,,,,,,,,,,,Peru PersistDiarrhea,ppd,Peru Persistent Diarrhea,"Randomized, community-based trial of the effect of zinc supplementation, with and without other micronutrients, on the duration of persistent childhood diarrhea",,,,,,,,,,,
,,,,,,,,,,,Peru Zn,pzn,Peru Zn Fortification,Zinc fortification study,,,,,,,,,,,
,,,,,,,,,,,Princeton-FFCWS,ffcw,Fragile Families and Child Wellbeing Study,Fragile Families and Child Wellbeing Study,,,,,,,,,,,
,,,,,,,,,,,ResPak,rspk,Respiratory Pathogens Birth Cohort,Characterization of endemic respiratory pathogens in urban pregnant women and newborns,,,,,,,,,,,
,,,,,,,,,,,SAMMAN,smmn,Community Based Management of Severe Malnutrition,Community based management of severe malnutrition in tribal area of Melghat: cluster randomized controlled field trial,,,,,,,,,,,
,,,,,,,,,,,SAS-CompFeed,cmpf,Optimal Infant Feeding Practices,Cluster randomized trial of the promotion of optimal complementary feeding practices,,,,,,,,,,,
,,,,,,,,,,,SAS-FeedingCSS,fcss,Survey of Feeding Practices and Socio Economic Characteristics of Families,"Cross-sectional survey: socioeconomic characteristics, feeding practices, knowledge and perceptions about infant feeding, and foods available in the household",,,,,,,,,,,
,,,,,,,,,,,SAS-FoodSuppl,fspp,Randomized Food Supplementation Trial Ages 4-12 Months,Randomized trial: effect of feeding a food supplement to infants on weight gain,,,,,,,,,,,
,,,,,,,,,,,SMOCC,smcc,Social Medical Survey of Children attending Child health Clinics,Social Medical Survey of Children attending Child health Clinics,,,,,,,,,,,
,,,,,,,,,,,SOLUR,solr,SOLUR Study,"Study of fetal, birth, and postnatal development",,,,,,,,,,,
,,,,,,,,,,,Serrinha-VitA,svta,"Vitamin A Supplementation in Serrinha, Brazil",Effect of Vitamin A Supplementation on Diarrhoea and Acute Lower-Respiratory-Tract Infections in Young Children in Brazil,,,,,,,,,,,
,,,,,,,,,,,ShaanxiCogHgb,shch,Relationship between hemoglobin and cognition among children in rural China,Relation between hemoglobin and cognition in rural children,,,,,,,,,,,
,,,,,,,,,,,St-Johns,stjn,St Johns pregnancy cohort,To perform a prospective observational cohort study among pregnant women in urban South India designed to establish baseline nutritional and maternal/neonatal health outcomes,,,,,,,,,,,
,,,,,,,,,,,TDC,tdc,Transmission Dynamics of Cryptosporidial Infections,Bottled water to prevent or delay Cryptosporidium infection,,,,,,,,,,,
,,,,,,,,,,,TTBW,ttbw,Time Trends in Birth Weight,Trends in birth weight in 2 cohorts born at Government Maternity Hospital in Hyderabad,,,,,,,,,,,
,,,,,,,,,,,TanzaniaChild2,tzc2,Tanzania Child 2,Zinc and micronutrients,,,,,,,,,,,
,,,,,,,,,,,UMN-Amplatz,uma,University of Minnesota Amplatz Study,"Growth, body composition changes, nutrition, illness, and cognition in very low birth weight (VLBW) preterm infants",,,,,,,,,,,
,,,,,,,,,,,UMN-MINNoWS,umi,University of Minnesota MINNOWS Study,"Growth, body composition, and cognition in preschool children who were preterm or term infants",,,,,,,,,,,
,,,,,,,,,,,UMN-MOD,umm,University of Minnesota MOD Study,Effects of illness and nutrition on growth and cognition of preterm infants,,,,,,,,,,,
,,,,,,,,,,,UMN-NORM,umn,University of Minnesota NORM Study,"Body composition in preterm infants: means, standard deviations, and sex and ethnic differences",,,,,,,,,,,
,,,,,,,,,,,USCAHMI-NSCH-03,#N/A,USCAHMI NSCH,National Survey of Children's Health,,,,,,,,,,,
,,,,,,,,,,,USCAHMI-NSCH-07,#N/A,USCAHMI NSCH,National Survey of Children's Health,,,,,,,,,,,
,,,,,,,,,,,USCAHMI-NSCH-11,#N/A,USCAHMI NSCH,National Survey of Children's Health,,,,,,,,,,,
,,,,,,,,,,,USCDC-IFPS,ifps,USCDC IFPS,Infant Feeding Practice Study: a longitudinal survey of breast feeding,,,,,,,,,,,
,,,,,,,,,,,USCDC-NHIS,nhis,USCDC NHIS,National Health Interview Survey,,,,,,,,,,,
,,,,,,,,,,,USCDC-NIS-00,#N/A,USCDC NIS 2000,National Immunization Survey,,,,,,,,,,,
,,,,,,,,,,,USCDC-NIS-01,#N/A,USCDC NIS 2001,National Immunization Survey,,,,,,,,,,,
,,,,,,,,,,,USCDC-NIS-02,#N/A,USCDC NIS 2002,National Immunization Survey,,,,,,,,,,,
,,,,,,,,,,,USCDC-NIS-03,#N/A,USCDC NIS 2003,National Immunization Survey,,,,,,,,,,,
,,,,,,,,,,,USCDC-NIS-04,#N/A,USCDC NIS 2004,National Immunization Survey,,,,,,,,,,,
,,,,,,,,,,,USCDC-NIS-05,#N/A,USCDC NIS 2005,National Immunization Survey,,,,,,,,,,,
,,,,,,,,,,,USCDC-NIS-06,#N/A,USCDC NIS 2006,National Immunization Survey,,,,,,,,,,,
,,,,,,,,,,,USCDC-NIS-07,#N/A,USCDC NIS 2007,National Immunization Survey,,,,,,,,,,,
,,,,,,,,,,,USCDC-NIS-08,#N/A,USCDC NIS 2008,National Immunization Survey,,,,,,,,,,,
,,,,,,,,,,,USCDC-NIS-09,#N/A,USCDC NIS 2009,National Immunization Survey,,,,,,,,,,,
,,,,,,,,,,,USCDC-NIS-10,#N/A,USCDC NIS 2010,National Immunization Survey,,,,,,,,,,,
,,,,,,,,,,,USCDC-NIS-11,#N/A,USCDC NIS 2011,National Immunization Survey,,,,,,,,,,,
,,,,,,,,,,,USCDC-NIS-12,#N/A,USCDC NIS 2012,National Immunization Survey,,,,,,,,,,,
,,,,,,,,,,,USCDC-NIS-13,#N/A,USCDC NIS 2013,National Immunization Survey,,,,,,,,,,,
,,,,,,,,,,,USCDC-NIS-14,#N/A,USCDC NIS 2014,National Immunization Survey,,,,,,,,,,,
,,,,,,,,,,,USCDC-NIS-95,#N/A,USCDC NIS 1995,National Immunization Survey,,,,,,,,,,,
,,,,,,,,,,,USCDC-NIS-96,#N/A,USCDC NIS 1996,National Immunization Survey,,,,,,,,,,,
,,,,,,,,,,,USCDC-NIS-97,#N/A,USCDC NIS 1997,National Immunization Survey,,,,,,,,,,,
,,,,,,,,,,,USCDC-NIS-98,#N/A,USCDC NIS 1998,National Immunization Survey,,,,,,,,,,,
,,,,,,,,,,,USCDC-NIS-99,#N/A,USCDC NIS 1999,National Immunization Survey,,,,,,,,,,,
,,,,,,,,,,,USCDC-NSFG-02,#N/A,USCDC NSFG,National Survey of Family Growth,,,,,,,,,,,
,,,,,,,,,,,USCDC-NSFG-06,#N/A,USCDC NSFG,National Survey of Family Growth,,,,,,,,,,,
,,,,,,,,,,,USCDC-NSFG-11,#N/A,USCDC NSFG,National Survey of Family Growth,,,,,,,,,,,
,,,,,,,,,,,USCDC-NSFG-73,#N/A,USCDC NSFG,National Survey of Family Growth,,,,,,,,,,,
,,,,,,,,,,,USCDC-NSFG-76,#N/A,USCDC NSFG,National Survey of Family Growth,,,,,,,,,,,
,,,,,,,,,,,USCDC-NSFG-82,#N/A,USCDC NSFG,National Survey of Family Growth,,,,,,,,,,,
,,,,,,,,,,,USCDC-NSFG-88,#N/A,USCDC NSFG,National Survey of Family Growth,,,,,,,,,,,
,,,,,,,,,,,USCDC-NSFG-95,#N/A,USCDC NSFG,National Survey of Family Growth,,,,,,,,,,,
,,,,,,,,,,,USCDC-PRAMS,pram,USCDC PRAMS,Pregnancy Risk Assessment Monitoring System: national data,,,,,,,,,,,
,,,,,,,,,,,USDA-WIC,wic,USDA WIC,"Women, Infants and Children Nutritional Program",,,,,,,,,,,
,,,,,,,,,,,USHHS-EHRSE,ehrs,USHHS EHRSE,Early Head Start Research and Evaluation Study,,,,,,,,,,,
,,,,,,,,,,,USHHS-NPHS-DrugUseLiveBirths,dulb,NPHS: Drug Use Live Births,National Pregnancy and Health Survey: drug use in women delivering live births,,,,,,,,,,,
,,,,,,,,,,,UVG Growth,gual,Univ del Valle de Guatemala Longitudinal Study,"Longitudinal study of growth, cognition, and bone formation in school-aged children in various socioeconomic groups",,,,,,,,,,,
,,,,,,,,,,,VITAMIN-A,vita,EPI Linked Vita A,Vitamin A supplementation,,,,,,,,,,,
,,,,,,,,,,,Vitamin-B12,vb12,Vit B12 Supp Trial,Vitamin B12 supplementation,,,,,,,,,,,
,,,,,,,,,,,WASH-Bangladesh,wsb,WASH Benefits Bangladesh Trial,"Cluster-randomised controlled trials of individual and combined water, sanitation, hygiene, and nutritional interventions",,,,,,,,,,,
,,,,,,,,,,,WASH-Kenya,wsk,WASH Benefits Kenya Trial,"Cluster-randomised controlled trials of individual and combined water, sanitation, hygiene, and nutritional interventions",,,,,,,,,,,
,,,,,,,,,,,WomenFirst,wfrst,Women First,Preconception Women First Trial,,,,,,,,,,,
,,,,,,,,,,,ZVITAMBO,zvit,ZVITAMBO,Placebo-Controlled Study of a Single Dose of Vitamin A to Prevent Vertical and Horizontal Transmission of HIV,,,,,,,,,,,
,,,,,,,,,,,ZincInf,zinf,Zn Treatment for Diarrhea,Zinc in treatment of diarrhoea,,,,,,,,,,,
,,,,,,,,,,,ZincSGA,zsga,Zinc supplementation in SGA infants,Zinc supplementation in infants born small for gestational age,,,,,,,,,,,
,,,,,,,,,,,ZnMort,zmrt,Zn Supp and Infant Mortality,Zinc supplementation and infant mortality,,,,,,,,,,,
,,,,,,,,,,,iLiNS-DOSE,ilnd,iLiNS-DOSE,"Randomised controlled trial of growth effects of long-term complementary feeding of infants with different doses and formulations of high-energy, micronutrient fortified lipid-based nutrient supplements (LNS)",,,,,,,,,,,
,,,,,,,,,,,iLiNS-DYAD-G,ildg,iLiNS-DYAD-Ghana,"Efficacy of small-quantity lipid-based nutrient supplements (SQ-LNS) consumed by women during pregnancy and the first 6 months postpartum, and by their infants from age 6 to 18 months",,,,,,,,,,,
,,,,,,,,,,,iLiNS-DYAD-M,ildm,iLiNS-DYAD-M,"Supplementing maternal and infant diet with high-energy, micronutrient fortified Lipid-based Nutrient Supplements (LNS)",,,,,,,,,,,
,,,,,,,,,,,iLiNS-Zinc,lnsz,iLiNS-Zinc Study,"Effect of small-quantity Lipid-based Nutrient Supplements on growth, stunting, and wasting in young children: cluster-randomized trial",,,,,,,,,,,